tipo,categoria,año,archivo,columna,descripcion,columna_anterior,columna_actual
columna_nueva,inscritos,2014,articles-391561_recurso.xlsx,Id_Sector,Columna 'Id_Sector' aparece en 2014 pero no en 2000,,
columna_nueva,inscritos,2014,articles-391561_recurso.xlsx,Género,Columna 'Género' aparece en 2014 pero no en 2000,,
columna_nueva,inscritos,2014,articles-391561_recurso.xlsx,Id Género,Columna 'Id Género' aparece en 2014 pero no en 2000,,
columna_nueva,inscritos,2014,articles-391561_recurso.xlsx,Id_Nivel_Formacion,Columna 'Id_Nivel_Formacion' aparece en 2014 pero no en 2000,,
columna_nueva,inscritos,2014,articles-391561_recurso.xlsx,Metodología,Columna 'Metodología' aparece en 2014 pero no en 2000,,
columna_nueva,inscritos,2014,articles-391561_recurso.xlsx,Id_Area,Columna 'Id_Area' aparece en 2014 pero no en 2000,,
columna_nueva,inscritos,2014,articles-391561_recurso.xlsx,Id_Caracter,Columna 'Id_Caracter' aparece en 2014 pero no en 2000,,
columna_nueva,inscritos,2014,articles-391561_recurso.xlsx,Id_Metodologia,Columna 'Id_Metodologia' aparece en 2014 pero no en 2000,,
columna_nueva,inscritos,2014,articles-391561_recurso.xlsx,Id_Nivel,Columna 'Id_Nivel' aparece en 2014 pero no en 2000,,
columna_nueva,inscritos,2014,articles-391561_recurso.xlsx,Id_Nucleo,Columna 'Id_Nucleo' aparece en 2014 pero no en 2000,,
columna_nueva,inscritos,2014,articles-391561_recurso.xlsx,Caracter IES,Columna 'Caracter IES' aparece en 2014 pero no en 2000,,
columna_eliminada,inscritos,2014,articles-391561_recurso.xlsx,Total 2000-2,Columna 'Total 2000-2' existía en 2000 pero desapareció en 2014,,
columna_eliminada,inscritos,2014,articles-391561_recurso.xlsx,Mujer 2000-2,Columna 'Mujer 2000-2' existía en 2000 pero desapareció en 2014,,
columna_eliminada,inscritos,2014,articles-391561_recurso.xlsx,Mujer 2001-1,Columna 'Mujer 2001-1' existía en 2000 pero desapareció en 2014,,
columna_eliminada,inscritos,2014,articles-391561_recurso.xlsx,Hombre 2000-1,Columna 'Hombre 2000-1' existía en 2000 pero desapareció en 2014,,
columna_eliminada,inscritos,2014,articles-391561_recurso.xlsx,Hombre 2001-1,Columna 'Hombre 2001-1' existía en 2000 pero desapareció en 2014,,
columna_eliminada,inscritos,2014,articles-391561_recurso.xlsx,Total 2001-1,Columna 'Total 2001-1' existía en 2000 pero desapareció en 2014,,
columna_eliminada,inscritos,2014,articles-391561_recurso.xlsx,Total 2000-1,Columna 'Total 2000-1' existía en 2000 pero desapareció en 2014,,
columna_eliminada,inscritos,2014,articles-391561_recurso.xlsx,Mujer 2000-1,Columna 'Mujer 2000-1' existía en 2000 pero desapareció en 2014,,
columna_eliminada,inscritos,2014,articles-391561_recurso.xlsx,Hombre 2000-2,Columna 'Hombre 2000-2' existía en 2000 pero desapareció en 2014,,
columna_eliminada,inscritos,2014,articles-391561_recurso.xlsx,Carácter IES,Columna 'Carácter IES' existía en 2000 pero desapareció en 2014,,
columna_eliminada,inscritos,2014,articles-391561_recurso.xlsx,Metodología  del programa,Columna 'Metodología  del programa' existía en 2000 pero desapareció en 2014,,
columna_nueva,inscritos,2016,articles-391559_recurso.xlsx,ID Nivel Académico,Columna 'ID Nivel Académico' aparece en 2016 pero no en 2015,,
columna_nueva,inscritos,2016,articles-391559_recurso.xlsx,ID Área,Columna 'ID Área' aparece en 2016 pero no en 2015,,
columna_nueva,inscritos,2016,articles-391559_recurso.xlsx,ID Nivel de Formación,Columna 'ID Nivel de Formación' aparece en 2016 pero no en 2015,,
columna_nueva,inscritos,2016,articles-391559_recurso.xlsx,ID Metodología,Columna 'ID Metodología' aparece en 2016 pero no en 2015,,
columna_nueva,inscritos,2016,articles-391559_recurso.xlsx,ID Sexo,Columna 'ID Sexo' aparece en 2016 pero no en 2015,,
columna_nueva,inscritos,2016,articles-391559_recurso.xlsx,Sexo,Columna 'Sexo' aparece en 2016 pero no en 2015,,
columna_nueva,inscritos,2016,articles-391559_recurso.xlsx,ID Caracter,Columna 'ID Caracter' aparece en 2016 pero no en 2015,,
columna_nueva,inscritos,2016,articles-391559_recurso.xlsx,ID Sector IES,Columna 'ID Sector IES' aparece en 2016 pero no en 2015,,
columna_eliminada,inscritos,2016,articles-391559_recurso.xlsx,Id_Sector,Columna 'Id_Sector' existía en 2015 pero desapareció en 2016,,
columna_eliminada,inscritos,2016,articles-391559_recurso.xlsx,Género,Columna 'Género' existía en 2015 pero desapareció en 2016,,
columna_eliminada,inscritos,2016,articles-391559_recurso.xlsx,Id Género,Columna 'Id Género' existía en 2015 pero desapareció en 2016,,
columna_eliminada,inscritos,2016,articles-391559_recurso.xlsx,Id_Nivel_Formacion,Columna 'Id_Nivel_Formacion' existía en 2015 pero desapareció en 2016,,
columna_eliminada,inscritos,2016,articles-391559_recurso.xlsx,Id_Area,Columna 'Id_Area' existía en 2015 pero desapareció en 2016,,
columna_eliminada,inscritos,2016,articles-391559_recurso.xlsx,Id_Caracter,Columna 'Id_Caracter' existía en 2015 pero desapareció en 2016,,
columna_eliminada,inscritos,2016,articles-391559_recurso.xlsx,Id_Metodologia,Columna 'Id_Metodologia' existía en 2015 pero desapareció en 2016,,
columna_eliminada,inscritos,2016,articles-391559_recurso.xlsx,Id_Nivel,Columna 'Id_Nivel' existía en 2015 pero desapareció en 2016,,
posible_renombre,inscritos,2016,articles-391559_recurso.xlsx,,Posible renombre: 'Id_Caracter' → 'ID Caracter',Id_Caracter,ID Caracter
columna_nueva,inscritos,2019,articles-401907_recurso.xlsx,SECTOR IES,Columna 'SECTOR IES' aparece en 2019 pero no en 2018,,
columna_nueva,inscritos,2019,articles-401907_recurso.xlsx,NIVEL DE FORMACIÓN,Columna 'NIVEL DE FORMACIÓN' aparece en 2019 pero no en 2018,,
columna_nueva,inscritos,2019,articles-401907_recurso.xlsx,CÓDIGO DEL MUNICIPIO,Columna 'CÓDIGO DEL MUNICIPIO' aparece en 2019 pero no en 2018,,
columna_nueva,inscritos,2019,articles-401907_recurso.xlsx,ID NÚCLEO,Columna 'ID NÚCLEO' aparece en 2019 pero no en 2018,,
columna_nueva,inscritos,2019,articles-401907_recurso.xlsx,DESC CINE CAMPO ESPECIFICO,Columna 'DESC CINE CAMPO ESPECIFICO' aparece en 2019 pero no en 2018,,
columna_nueva,inscritos,2019,articles-401907_recurso.xlsx,DESC CINE CODIGO DETALLADO,Columna 'DESC CINE CODIGO DETALLADO' aparece en 2019 pero no en 2018,,
columna_nueva,inscritos,2019,articles-401907_recurso.xlsx,ÁREA DE CONOCIMIENTO,Columna 'ÁREA DE CONOCIMIENTO' aparece en 2019 pero no en 2018,,
columna_nueva,inscritos,2019,articles-401907_recurso.xlsx,NIVEL ACADÉMICO,Columna 'NIVEL ACADÉMICO' aparece en 2019 pero no en 2018,,
columna_nueva,inscritos,2019,articles-401907_recurso.xlsx,DESC CINE CAMPO AMPLIO,Columna 'DESC CINE CAMPO AMPLIO' aparece en 2019 pero no en 2018,,
columna_nueva,inscritos,2019,articles-401907_recurso.xlsx,NÚCLEO BÁSICO DEL CONOCIMIENTO (NBC),Columna 'NÚCLEO BÁSICO DEL CONOCIMIENTO (NBC)' aparece en 2019 pero no en 2018,,
columna_nueva,inscritos,2019,articles-401907_recurso.xlsx,ID CINE CAMPO AMPLIO,Columna 'ID CINE CAMPO AMPLIO' aparece en 2019 pero no en 2018,,
columna_nueva,inscritos,2019,articles-401907_recurso.xlsx,CÓDIGO DE LA INSTITUCIÓN,Columna 'CÓDIGO DE LA INSTITUCIÓN' aparece en 2019 pero no en 2018,,
columna_nueva,inscritos,2019,articles-401907_recurso.xlsx,PROGRAMA ACADÉMICO,Columna 'PROGRAMA ACADÉMICO' aparece en 2019 pero no en 2018,,
columna_nueva,inscritos,2019,articles-401907_recurso.xlsx,METODOLOGÍA,Columna 'METODOLOGÍA' aparece en 2019 pero no en 2018,,
columna_nueva,inscritos,2019,articles-401907_recurso.xlsx,CÓDIGO DEL DEPARTAMENTO (IES),Columna 'CÓDIGO DEL DEPARTAMENTO (IES)' aparece en 2019 pero no en 2018,,
columna_nueva,inscritos,2019,articles-401907_recurso.xlsx,PRINCIPAL O SECCIONAL,Columna 'PRINCIPAL O SECCIONAL' aparece en 2019 pero no en 2018,,
columna_nueva,inscritos,2019,articles-401907_recurso.xlsx,CÓDIGO SNIES DEL PROGRAMA,Columna 'CÓDIGO SNIES DEL PROGRAMA' aparece en 2019 pero no en 2018,,
columna_nueva,inscritos,2019,articles-401907_recurso.xlsx,CARACTER IES,Columna 'CARACTER IES' aparece en 2019 pero no en 2018,,
columna_nueva,inscritos,2019,articles-401907_recurso.xlsx,MUNICIPIO DE DOMICILIO DE LA IES,Columna 'MUNICIPIO DE DOMICILIO DE LA IES' aparece en 2019 pero no en 2018,,
columna_nueva,inscritos,2019,articles-401907_recurso.xlsx,DEPARTAMENTO DE DOMICILIO DE LA IES,Columna 'DEPARTAMENTO DE DOMICILIO DE LA IES' aparece en 2019 pero no en 2018,,
columna_nueva,inscritos,2019,articles-401907_recurso.xlsx,IES_PADRE,Columna 'IES_PADRE' aparece en 2019 pero no en 2018,,
columna_nueva,inscritos,2019,articles-401907_recurso.xlsx,ID NIVEL ACADÉMICO,Columna 'ID NIVEL ACADÉMICO' aparece en 2019 pero no en 2018,,
columna_nueva,inscritos,2019,articles-401907_recurso.xlsx,ID SECTOR IES,Columna 'ID SECTOR IES' aparece en 2019 pero no en 2018,,
columna_nueva,inscritos,2019,articles-401907_recurso.xlsx,INSTITUCIÓN DE EDUCACIÓN SUPERIOR (IES),Columna 'INSTITUCIÓN DE EDUCACIÓN SUPERIOR (IES)' aparece en 2019 pero no en 2018,,
columna_nueva,inscritos,2019,articles-401907_recurso.xlsx,ID CARACTER,Columna 'ID CARACTER' aparece en 2019 pero no en 2018,,
columna_nueva,inscritos,2019,articles-401907_recurso.xlsx,ID CINE CAMPO ESPECIFICO,Columna 'ID CINE CAMPO ESPECIFICO' aparece en 2019 pero no en 2018,,
columna_nueva,inscritos,2019,articles-401907_recurso.xlsx,ID METODOLOGÍA,Columna 'ID METODOLOGÍA' aparece en 2019 pero no en 2018,,
columna_nueva,inscritos,2019,articles-401907_recurso.xlsx,ID ÁREA,Columna 'ID ÁREA' aparece en 2019 pero no en 2018,,
columna_nueva,inscritos,2019,articles-401907_recurso.xlsx,ID NIVEL DE FORMACIÓN,Columna 'ID NIVEL DE FORMACIÓN' aparece en 2019 pero no en 2018,,
columna_nueva,inscritos,2019,articles-401907_recurso.xlsx,ID CINE CODIGO DETALLADO,Columna 'ID CINE CODIGO DETALLADO' aparece en 2019 pero no en 2018,,
columna_eliminada,inscritos,2019,articles-401907_recurso.xlsx,Nivel Académico,Columna 'Nivel Académico' existía en 2018 pero desapareció en 2019,,
columna_eliminada,inscritos,2019,articles-401907_recurso.xlsx,Municipio de domicilio de la IES,Columna 'Municipio de domicilio de la IES' existía en 2018 pero desapareció en 2019,,
columna_eliminada,inscritos,2019,articles-401907_recurso.xlsx,Caracter IES,Columna 'Caracter IES' existía en 2018 pero desapareció en 2019,,
columna_eliminada,inscritos,2019,articles-401907_recurso.xlsx,Institución de Educación Superior (IES),Columna 'Institución de Educación Superior (IES)' existía en 2018 pero desapareció en 2019,,
columna_eliminada,inscritos,2019,articles-401907_recurso.xlsx,Código de  la Institución,Columna 'Código de  la Institución' existía en 2018 pero desapareció en 2019,,
columna_eliminada,inscritos,2019,articles-401907_recurso.xlsx,ID Área,Columna 'ID Área' existía en 2018 pero desapareció en 2019,,
columna_eliminada,inscritos,2019,articles-401907_recurso.xlsx,Departamento de  domicilio de la IES,Columna 'Departamento de  domicilio de la IES' existía en 2018 pero desapareció en 2019,,
columna_eliminada,inscritos,2019,articles-401907_recurso.xlsx,Sexo,Columna 'Sexo' existía en 2018 pero desapareció en 2019,,
columna_eliminada,inscritos,2019,articles-401907_recurso.xlsx,Municipio de oferta del programa,Columna 'Municipio de oferta del programa' existía en 2018 pero desapareció en 2019,,
columna_eliminada,inscritos,2019,articles-401907_recurso.xlsx,Código del  Municipio (Programa),Columna 'Código del  Municipio (Programa)' existía en 2018 pero desapareció en 2019,,
columna_eliminada,inscritos,2019,articles-401907_recurso.xlsx,Departamento de oferta del programa,Columna 'Departamento de oferta del programa' existía en 2018 pero desapareció en 2019,,
columna_eliminada,inscritos,2019,articles-401907_recurso.xlsx,Área de Conocimiento,Columna 'Área de Conocimiento' existía en 2018 pero desapareció en 2019,,
columna_eliminada,inscritos,2019,articles-401907_recurso.xlsx,Sector IES,Columna 'Sector IES' existía en 2018 pero desapareció en 2019,,
columna_eliminada,inscritos,2019,articles-401907_recurso.xlsx,Código  SNIES del programa,Columna 'Código  SNIES del programa' existía en 2018 pero desapareció en 2019,,
columna_eliminada,inscritos,2019,articles-401907_recurso.xlsx,Nivel de Formación,Columna 'Nivel de Formación' existía en 2018 pero desapareció en 2019,,
columna_eliminada,inscritos,2019,articles-401907_recurso.xlsx,Principal  o Seccional,Columna 'Principal  o Seccional' existía en 2018 pero desapareció en 2019,,
columna_eliminada,inscritos,2019,articles-401907_recurso.xlsx,ID Nivel de Formación,Columna 'ID Nivel de Formación' existía en 2018 pero desapareció en 2019,,
columna_eliminada,inscritos,2019,articles-401907_recurso.xlsx,ID Metodología,Columna 'ID Metodología' existía en 2018 pero desapareció en 2019,,
columna_eliminada,inscritos,2019,articles-401907_recurso.xlsx,IES PADRE,Columna 'IES PADRE' existía en 2018 pero desapareció en 2019,,
columna_eliminada,inscritos,2019,articles-401907_recurso.xlsx,Programa Académico,Columna 'Programa Académico' existía en 2018 pero desapareció en 2019,,
columna_eliminada,inscritos,2019,articles-401907_recurso.xlsx,Código del  departamento (IES),Columna 'Código del  departamento (IES)' existía en 2018 pero desapareció en 2019,,
columna_eliminada,inscritos,2019,articles-401907_recurso.xlsx,ID Nivel Académico,Columna 'ID Nivel Académico' existía en 2018 pero desapareció en 2019,,
columna_eliminada,inscritos,2019,articles-401907_recurso.xlsx,Código del  Departamento (Programa),Columna 'Código del  Departamento (Programa)' existía en 2018 pero desapareció en 2019,,
columna_eliminada,inscritos,2019,articles-401907_recurso.xlsx,Metodología,Columna 'Metodología' existía en 2018 pero desapareció en 2019,,
columna_eliminada,inscritos,2019,articles-401907_recurso.xlsx,Código del  Municipio (IES),Columna 'Código del  Municipio (IES)' existía en 2018 pero desapareció en 2019,,
columna_eliminada,inscritos,2019,articles-401907_recurso.xlsx,ID Sexo,Columna 'ID Sexo' existía en 2018 pero desapareció en 2019,,
columna_eliminada,inscritos,2019,articles-401907_recurso.xlsx,Id_Nucleo,Columna 'Id_Nucleo' existía en 2018 pero desapareció en 2019,,
columna_eliminada,inscritos,2019,articles-401907_recurso.xlsx,ID Caracter,Columna 'ID Caracter' existía en 2018 pero desapareció en 2019,,
columna_eliminada,inscritos,2019,articles-401907_recurso.xlsx,ID Sector IES,Columna 'ID Sector IES' existía en 2018 pero desapareció en 2019,,
columna_eliminada,inscritos,2019,articles-401907_recurso.xlsx,Núcleo Básico del Conocimiento (NBC),Columna 'Núcleo Básico del Conocimiento (NBC)' existía en 2018 pero desapareció en 2019,,
posible_renombre,inscritos,2019,articles-401907_recurso.xlsx,,Posible renombre: 'Nivel Académico' → 'NIVEL ACADÉMICO',Nivel Académico,NIVEL ACADÉMICO
posible_renombre,inscritos,2019,articles-401907_recurso.xlsx,,Posible renombre: 'Municipio de domicilio de la IES' → 'MUNICIPIO DE DOMICILIO DE LA IES',Municipio de domicilio de la IES,MUNICIPIO DE DOMICILIO DE LA IES
posible_renombre,inscritos,2019,articles-401907_recurso.xlsx,,Posible renombre: 'Caracter IES' → 'CARACTER IES',Caracter IES,CARACTER IES
posible_renombre,inscritos,2019,articles-401907_recurso.xlsx,,Posible renombre: 'Código de  la Institución' → 'CÓDIGO DE LA INSTITUCIÓN',Código de  la Institución,CÓDIGO DE LA INSTITUCIÓN
posible_renombre,inscritos,2019,articles-401907_recurso.xlsx,,Posible renombre: 'ID Área' → 'ID ÁREA',ID Área,ID ÁREA
posible_renombre,inscritos,2019,articles-401907_recurso.xlsx,,Posible renombre: 'Departamento de  domicilio de la IES' → 'DEPARTAMENTO DE DOMICILIO DE LA IES',Departamento de  domicilio de la IES,DEPARTAMENTO DE DOMICILIO DE LA IES
posible_renombre,inscritos,2019,articles-401907_recurso.xlsx,,Posible renombre: 'ID Sector IES' → 'ID SECTOR IES',ID Sector IES,ID SECTOR IES
posible_renombre,inscritos,2019,articles-401907_recurso.xlsx,,Posible renombre: 'Área de Conocimiento' → 'ÁREA DE CONOCIMIENTO',Área de Conocimiento,ÁREA DE CONOCIMIENTO
posible_renombre,inscritos,2019,articles-401907_recurso.xlsx,,Posible renombre: 'Código  SNIES del programa' → 'CÓDIGO SNIES DEL PROGRAMA',Código  SNIES del programa,CÓDIGO SNIES DEL PROGRAMA
posible_renombre,inscritos,2019,articles-401907_recurso.xlsx,,Posible renombre: 'Nivel de Formación' → 'NIVEL DE FORMACIÓN',Nivel de Formación,NIVEL DE FORMACIÓN
posible_renombre,inscritos,2019,articles-401907_recurso.xlsx,,Posible renombre: 'Principal  o Seccional' → 'PRINCIPAL O SECCIONAL',Principal  o Seccional,PRINCIPAL O SECCIONAL
posible_renombre,inscritos,2019,articles-401907_recurso.xlsx,,Posible renombre: 'ID Nivel de Formación' → 'ID NIVEL DE FORMACIÓN',ID Nivel de Formación,ID NIVEL DE FORMACIÓN
posible_renombre,inscritos,2019,articles-401907_recurso.xlsx,,Posible renombre: 'ID Metodología' → 'ID METODOLOGÍA',ID Metodología,ID METODOLOGÍA
posible_renombre,inscritos,2019,articles-401907_recurso.xlsx,,Posible renombre: 'IES PADRE' → 'IES_PADRE',IES PADRE,IES_PADRE
posible_renombre,inscritos,2019,articles-401907_recurso.xlsx,,Posible renombre: 'Programa Académico' → 'PROGRAMA ACADÉMICO',Programa Académico,PROGRAMA ACADÉMICO
posible_renombre,inscritos,2019,articles-401907_recurso.xlsx,,Posible renombre: 'Código del  departamento (IES)' → 'CÓDIGO DEL DEPARTAMENTO (IES)',Código del  departamento (IES),CÓDIGO DEL DEPARTAMENTO (IES)
posible_renombre,inscritos,2019,articles-401907_recurso.xlsx,,Posible renombre: 'ID Nivel Académico' → 'ID NIVEL ACADÉMICO',ID Nivel Académico,ID NIVEL ACADÉMICO
posible_renombre,inscritos,2019,articles-401907_recurso.xlsx,,Posible renombre: 'Metodología' → 'METODOLOGÍA',Metodología,METODOLOGÍA
posible_renombre,inscritos,2019,articles-401907_recurso.xlsx,,Posible renombre: 'Núcleo Básico del Conocimiento (NBC)' → 'NÚCLEO BÁSICO DEL CONOCIMIENTO (NBC)',Núcleo Básico del Conocimiento (NBC),NÚCLEO BÁSICO DEL CONOCIMIENTO (NBC)
posible_renombre,inscritos,2019,articles-401907_recurso.xlsx,,Posible renombre: 'ID Caracter' → 'ID CARACTER',ID Caracter,ID CARACTER
posible_renombre,inscritos,2019,articles-401907_recurso.xlsx,,Posible renombre: 'Sector IES' → 'SECTOR IES',Sector IES,SECTOR IES
posible_renombre,inscritos,2019,articles-401907_recurso.xlsx,,Posible renombre: 'Institución de Educación Superior (IES)' → 'INSTITUCIÓN DE EDUCACIÓN SUPERIOR (IES)',Institución de Educación Superior (IES),INSTITUCIÓN DE EDUCACIÓN SUPERIOR (IES)
columna_nueva,inscritos,2020,articles-406670_recurso.xlsx,IES	SECTOR IES,Columna 'IES	SECTOR IES' aparece en 2020 pero no en 2019,,
columna_nueva,inscritos,2020,articles-406670_recurso.xlsx,CÓDIGO DEL MUNICIPIO (IES),Columna 'CÓDIGO DEL MUNICIPIO (IES)' aparece en 2020 pero no en 2019,,
columna_nueva,inscritos,2020,articles-406670_recurso.xlsx,ID SECTOR,Columna 'ID SECTOR' aparece en 2020 pero no en 2019,,
columna_eliminada,inscritos,2020,articles-406670_recurso.xlsx,SECTOR IES,Columna 'SECTOR IES' existía en 2019 pero desapareció en 2020,,
columna_eliminada,inscritos,2020,articles-406670_recurso.xlsx,CÓDIGO DEL MUNICIPIO,Columna 'CÓDIGO DEL MUNICIPIO' existía en 2019 pero desapareció en 2020,,
columna_eliminada,inscritos,2020,articles-406670_recurso.xlsx,ID SECTOR IES,Columna 'ID SECTOR IES' existía en 2019 pero desapareció en 2020,,
columna_nueva,inscritos,2022,articles-416246_recurso.xlsx,CÓDIGO DEL MUNICIPIO IES,Columna 'CÓDIGO DEL MUNICIPIO IES' aparece en 2022 pero no en 2021,,
columna_nueva,inscritos,2022,articles-416246_recurso.xlsx,SECTOR IES,Columna 'SECTOR IES' aparece en 2022 pero no en 2021,,
columna_nueva,inscritos,2022,articles-416246_recurso.xlsx,ID SECTOR IES,Columna 'ID SECTOR IES' aparece en 2022 pero no en 2021,,
columna_eliminada,inscritos,2022,articles-416246_recurso.xlsx,IES	SECTOR IES,Columna 'IES	SECTOR IES' existía en 2021 pero desapareció en 2022,,
columna_eliminada,inscritos,2022,articles-416246_recurso.xlsx,CÓDIGO DEL MUNICIPIO (IES),Columna 'CÓDIGO DEL MUNICIPIO (IES)' existía en 2021 pero desapareció en 2022,,
columna_eliminada,inscritos,2022,articles-416246_recurso.xlsx,ID SECTOR,Columna 'ID SECTOR' existía en 2021 pero desapareció en 2022,,
columna_nueva,inscritos,2023,articles-421538_recurso.xlsx,IES ACREDITADA,Columna 'IES ACREDITADA' aparece en 2023 pero no en 2022,,
columna_nueva,inscritos,2023,articles-421538_recurso.xlsx,TIPO IES,Columna 'TIPO IES' aparece en 2023 pero no en 2022,,
columna_nueva,inscritos,2023,articles-421538_recurso.xlsx,CARÁCTER IES,Columna 'CARÁCTER IES' aparece en 2023 pero no en 2022,,
columna_nueva,inscritos,2023,articles-421538_recurso.xlsx,ID MODALIDAD,Columna 'ID MODALIDAD' aparece en 2023 pero no en 2022,,
columna_nueva,inscritos,2023,articles-421538_recurso.xlsx,MODALIDAD,Columna 'MODALIDAD' aparece en 2023 pero no en 2022,,
columna_nueva,inscritos,2023,articles-421538_recurso.xlsx,IES PADRE,Columna 'IES PADRE' aparece en 2023 pero no en 2022,,
columna_nueva,inscritos,2023,articles-421538_recurso.xlsx,ID CARÁCTER IES,Columna 'ID CARÁCTER IES' aparece en 2023 pero no en 2022,,
columna_nueva,inscritos,2023,articles-421538_recurso.xlsx,PROGRAMA ACREDITADO,Columna 'PROGRAMA ACREDITADO' aparece en 2023 pero no en 2022,,
columna_eliminada,inscritos,2023,articles-421538_recurso.xlsx,IES_PADRE,Columna 'IES_PADRE' existía en 2022 pero desapareció en 2023,,
columna_eliminada,inscritos,2023,articles-421538_recurso.xlsx,DESC CINE CODIGO DETALLADO,Columna 'DESC CINE CODIGO DETALLADO' existía en 2022 pero desapareció en 2023,,
columna_eliminada,inscritos,2023,articles-421538_recurso.xlsx,ID METODOLOGÍA,Columna 'ID METODOLOGÍA' existía en 2022 pero desapareció en 2023,,
columna_eliminada,inscritos,2023,articles-421538_recurso.xlsx,METODOLOGÍA,Columna 'METODOLOGÍA' existía en 2022 pero desapareció en 2023,,
columna_eliminada,inscritos,2023,articles-421538_recurso.xlsx,ID CARACTER,Columna 'ID CARACTER' existía en 2022 pero desapareció en 2023,,
columna_eliminada,inscritos,2023,articles-421538_recurso.xlsx,PRINCIPAL O SECCIONAL,Columna 'PRINCIPAL O SECCIONAL' existía en 2022 pero desapareció en 2023,,
columna_eliminada,inscritos,2023,articles-421538_recurso.xlsx,ID CINE CODIGO DETALLADO,Columna 'ID CINE CODIGO DETALLADO' existía en 2022 pero desapareció en 2023,,
columna_eliminada,inscritos,2023,articles-421538_recurso.xlsx,CARACTER IES,Columna 'CARACTER IES' existía en 2022 pero desapareció en 2023,,
posible_renombre,inscritos,2023,articles-421538_recurso.xlsx,,Posible renombre: 'IES_PADRE' → 'IES PADRE',IES_PADRE,IES PADRE
columna_nueva,admitidos,2014,articles-391567_recurso.xlsx,Id_Sector,Columna 'Id_Sector' aparece en 2014 pero no en 2007,,
columna_nueva,admitidos,2014,articles-391567_recurso.xlsx,Género,Columna 'Género' aparece en 2014 pero no en 2007,,
columna_nueva,admitidos,2014,articles-391567_recurso.xlsx,Id Género,Columna 'Id Género' aparece en 2014 pero no en 2007,,
columna_nueva,admitidos,2014,articles-391567_recurso.xlsx,Id_Nivel_Formacion,Columna 'Id_Nivel_Formacion' aparece en 2014 pero no en 2007,,
columna_nueva,admitidos,2014,articles-391567_recurso.xlsx,Nivel Académico,Columna 'Nivel Académico' aparece en 2014 pero no en 2007,,
columna_nueva,admitidos,2014,articles-391567_recurso.xlsx,Metodología,Columna 'Metodología' aparece en 2014 pero no en 2007,,
columna_nueva,admitidos,2014,articles-391567_recurso.xlsx,Id_Area,Columna 'Id_Area' aparece en 2014 pero no en 2007,,
columna_nueva,admitidos,2014,articles-391567_recurso.xlsx,Id_Caracter,Columna 'Id_Caracter' aparece en 2014 pero no en 2007,,
columna_nueva,admitidos,2014,articles-391567_recurso.xlsx,Id_Metodologia,Columna 'Id_Metodologia' aparece en 2014 pero no en 2007,,
columna_nueva,admitidos,2014,articles-391567_recurso.xlsx,IES PADRE,Columna 'IES PADRE' aparece en 2014 pero no en 2007,,
columna_nueva,admitidos,2014,articles-391567_recurso.xlsx,Id_Nivel,Columna 'Id_Nivel' aparece en 2014 pero no en 2007,,
columna_nueva,admitidos,2014,articles-391567_recurso.xlsx,Id_Nucleo,Columna 'Id_Nucleo' aparece en 2014 pero no en 2007,,
columna_nueva,admitidos,2014,articles-391567_recurso.xlsx,Caracter IES,Columna 'Caracter IES' aparece en 2014 pero no en 2007,,
columna_eliminada,admitidos,2014,articles-391567_recurso.xlsx,Total 2007-1,Columna 'Total 2007-1' existía en 2007 pero desapareció en 2014,,
columna_eliminada,admitidos,2014,articles-391567_recurso.xlsx,Total 2008-1,Columna 'Total 2008-1' existía en 2007 pero desapareció en 2014,,
columna_eliminada,admitidos,2014,articles-391567_recurso.xlsx,Hombre 2008-1,Columna 'Hombre 2008-1' existía en 2007 pero desapareció en 2014,,
columna_eliminada,admitidos,2014,articles-391567_recurso.xlsx,Hombre 2007-1,Columna 'Hombre 2007-1' existía en 2007 pero desapareció en 2014,,
columna_eliminada,admitidos,2014,articles-391567_recurso.xlsx,Mujer 2008-2,Columna 'Mujer 2008-2' existía en 2007 pero desapareció en 2014,,
columna_eliminada,admitidos,2014,articles-391567_recurso.xlsx,Mujer 2007-2,Columna 'Mujer 2007-2' existía en 2007 pero desapareció en 2014,,
columna_eliminada,admitidos,2014,articles-391567_recurso.xlsx,Mujer 2007-1,Columna 'Mujer 2007-1' existía en 2007 pero desapareció en 2014,,
columna_eliminada,admitidos,2014,articles-391567_recurso.xlsx,Carácter IES,Columna 'Carácter IES' existía en 2007 pero desapareció en 2014,,
columna_eliminada,admitidos,2014,articles-391567_recurso.xlsx,Total 2007-2,Columna 'Total 2007-2' existía en 2007 pero desapareció en 2014,,
columna_eliminada,admitidos,2014,articles-391567_recurso.xlsx,Metodología  del programa,Columna 'Metodología  del programa' existía en 2007 pero desapareció en 2014,,
columna_eliminada,admitidos,2014,articles-391567_recurso.xlsx,Mujer 2008-1,Columna 'Mujer 2008-1' existía en 2007 pero desapareció en 2014,,
columna_eliminada,admitidos,2014,articles-391567_recurso.xlsx,Hombre 2007-2,Columna 'Hombre 2007-2' existía en 2007 pero desapareció en 2014,,
columna_eliminada,admitidos,2014,articles-391567_recurso.xlsx,Hombre 2008-2,Columna 'Hombre 2008-2' existía en 2007 pero desapareció en 2014,,
columna_nueva,admitidos,2016,articles-391565_recurso.xlsx,ID Nivel Académico,Columna 'ID Nivel Académico' aparece en 2016 pero no en 2015,,
columna_nueva,admitidos,2016,articles-391565_recurso.xlsx,ID Área,Columna 'ID Área' aparece en 2016 pero no en 2015,,
columna_nueva,admitidos,2016,articles-391565_recurso.xlsx,ID Nivel de Formación,Columna 'ID Nivel de Formación' aparece en 2016 pero no en 2015,,
columna_nueva,admitidos,2016,articles-391565_recurso.xlsx,ID Metodología,Columna 'ID Metodología' aparece en 2016 pero no en 2015,,
columna_nueva,admitidos,2016,articles-391565_recurso.xlsx,ID Carácter IES,Columna 'ID Carácter IES' aparece en 2016 pero no en 2015,,
columna_nueva,admitidos,2016,articles-391565_recurso.xlsx,Sexo,Columna 'Sexo' aparece en 2016 pero no en 2015,,
columna_nueva,admitidos,2016,articles-391565_recurso.xlsx,ID Sexo,Columna 'ID Sexo' aparece en 2016 pero no en 2015,,
columna_nueva,admitidos,2016,articles-391565_recurso.xlsx,ID Sector IES,Columna 'ID Sector IES' aparece en 2016 pero no en 2015,,
columna_eliminada,admitidos,2016,articles-391565_recurso.xlsx,Id_Sector,Columna 'Id_Sector' existía en 2015 pero desapareció en 2016,,
columna_eliminada,admitidos,2016,articles-391565_recurso.xlsx,Género,Columna 'Género' existía en 2015 pero desapareció en 2016,,
columna_eliminada,admitidos,2016,articles-391565_recurso.xlsx,Id Género,Columna 'Id Género' existía en 2015 pero desapareció en 2016,,
columna_eliminada,admitidos,2016,articles-391565_recurso.xlsx,Id_Nivel_Formacion,Columna 'Id_Nivel_Formacion' existía en 2015 pero desapareció en 2016,,
columna_eliminada,admitidos,2016,articles-391565_recurso.xlsx,Id_Area,Columna 'Id_Area' existía en 2015 pero desapareció en 2016,,
columna_eliminada,admitidos,2016,articles-391565_recurso.xlsx,Id_Caracter,Columna 'Id_Caracter' existía en 2015 pero desapareció en 2016,,
columna_eliminada,admitidos,2016,articles-391565_recurso.xlsx,Id_Metodologia,Columna 'Id_Metodologia' existía en 2015 pero desapareció en 2016,,
columna_eliminada,admitidos,2016,articles-391565_recurso.xlsx,Id_Nivel,Columna 'Id_Nivel' existía en 2015 pero desapareció en 2016,,
columna_nueva,admitidos,2019,articles-401905_recurso.xlsx,SECTOR IES,Columna 'SECTOR IES' aparece en 2019 pero no en 2018,,
columna_nueva,admitidos,2019,articles-401905_recurso.xlsx,NIVEL DE FORMACIÓN,Columna 'NIVEL DE FORMACIÓN' aparece en 2019 pero no en 2018,,
columna_nueva,admitidos,2019,articles-401905_recurso.xlsx,CÓDIGO DEL MUNICIPIO,Columna 'CÓDIGO DEL MUNICIPIO' aparece en 2019 pero no en 2018,,
columna_nueva,admitidos,2019,articles-401905_recurso.xlsx,ID NÚCLEO,Columna 'ID NÚCLEO' aparece en 2019 pero no en 2018,,
columna_nueva,admitidos,2019,articles-401905_recurso.xlsx,DESC CINE CAMPO ESPECIFICO,Columna 'DESC CINE CAMPO ESPECIFICO' aparece en 2019 pero no en 2018,,
columna_nueva,admitidos,2019,articles-401905_recurso.xlsx,DESC CINE CODIGO DETALLADO,Columna 'DESC CINE CODIGO DETALLADO' aparece en 2019 pero no en 2018,,
columna_nueva,admitidos,2019,articles-401905_recurso.xlsx,ÁREA DE CONOCIMIENTO,Columna 'ÁREA DE CONOCIMIENTO' aparece en 2019 pero no en 2018,,
columna_nueva,admitidos,2019,articles-401905_recurso.xlsx,NIVEL ACADÉMICO,Columna 'NIVEL ACADÉMICO' aparece en 2019 pero no en 2018,,
columna_nueva,admitidos,2019,articles-401905_recurso.xlsx,DESC CINE CAMPO AMPLIO,Columna 'DESC CINE CAMPO AMPLIO' aparece en 2019 pero no en 2018,,
columna_nueva,admitidos,2019,articles-401905_recurso.xlsx,NÚCLEO BÁSICO DEL CONOCIMIENTO (NBC),Columna 'NÚCLEO BÁSICO DEL CONOCIMIENTO (NBC)' aparece en 2019 pero no en 2018,,
columna_nueva,admitidos,2019,articles-401905_recurso.xlsx,ID CINE CAMPO AMPLIO,Columna 'ID CINE CAMPO AMPLIO' aparece en 2019 pero no en 2018,,
columna_nueva,admitidos,2019,articles-401905_recurso.xlsx,CÓDIGO DE LA INSTITUCIÓN,Columna 'CÓDIGO DE LA INSTITUCIÓN' aparece en 2019 pero no en 2018,,
columna_nueva,admitidos,2019,articles-401905_recurso.xlsx,PROGRAMA ACADÉMICO,Columna 'PROGRAMA ACADÉMICO' aparece en 2019 pero no en 2018,,
columna_nueva,admitidos,2019,articles-401905_recurso.xlsx,METODOLOGÍA,Columna 'METODOLOGÍA' aparece en 2019 pero no en 2018,,
columna_nueva,admitidos,2019,articles-401905_recurso.xlsx,CÓDIGO DEL DEPARTAMENTO (IES),Columna 'CÓDIGO DEL DEPARTAMENTO (IES)' aparece en 2019 pero no en 2018,,
columna_nueva,admitidos,2019,articles-401905_recurso.xlsx,PRINCIPAL O SECCIONAL,Columna 'PRINCIPAL O SECCIONAL' aparece en 2019 pero no en 2018,,
columna_nueva,admitidos,2019,articles-401905_recurso.xlsx,CÓDIGO SNIES DEL PROGRAMA,Columna 'CÓDIGO SNIES DEL PROGRAMA' aparece en 2019 pero no en 2018,,
columna_nueva,admitidos,2019,articles-401905_recurso.xlsx,CARACTER IES,Columna 'CARACTER IES' aparece en 2019 pero no en 2018,,
columna_nueva,admitidos,2019,articles-401905_recurso.xlsx,MUNICIPIO DE DOMICILIO DE LA IES,Columna 'MUNICIPIO DE DOMICILIO DE LA IES' aparece en 2019 pero no en 2018,,
columna_nueva,admitidos,2019,articles-401905_recurso.xlsx,DEPARTAMENTO DE DOMICILIO DE LA IES,Columna 'DEPARTAMENTO DE DOMICILIO DE LA IES' aparece en 2019 pero no en 2018,,
columna_nueva,admitidos,2019,articles-401905_recurso.xlsx,IES_PADRE,Columna 'IES_PADRE' aparece en 2019 pero no en 2018,,
columna_nueva,admitidos,2019,articles-401905_recurso.xlsx,ID NIVEL ACADÉMICO,Columna 'ID NIVEL ACADÉMICO' aparece en 2019 pero no en 2018,,
columna_nueva,admitidos,2019,articles-401905_recurso.xlsx,ID SECTOR IES,Columna 'ID SECTOR IES' aparece en 2019 pero no en 2018,,
columna_nueva,admitidos,2019,articles-401905_recurso.xlsx,INSTITUCIÓN DE EDUCACIÓN SUPERIOR (IES),Columna 'INSTITUCIÓN DE EDUCACIÓN SUPERIOR (IES)' aparece en 2019 pero no en 2018,,
columna_nueva,admitidos,2019,articles-401905_recurso.xlsx,ID CARACTER,Columna 'ID CARACTER' aparece en 2019 pero no en 2018,,
columna_nueva,admitidos,2019,articles-401905_recurso.xlsx,ID CINE CAMPO ESPECIFICO,Columna 'ID CINE CAMPO ESPECIFICO' aparece en 2019 pero no en 2018,,
columna_nueva,admitidos,2019,articles-401905_recurso.xlsx,ID METODOLOGÍA,Columna 'ID METODOLOGÍA' aparece en 2019 pero no en 2018,,
columna_nueva,admitidos,2019,articles-401905_recurso.xlsx,ID ÁREA,Columna 'ID ÁREA' aparece en 2019 pero no en 2018,,
columna_nueva,admitidos,2019,articles-401905_recurso.xlsx,ID NIVEL DE FORMACIÓN,Columna 'ID NIVEL DE FORMACIÓN' aparece en 2019 pero no en 2018,,
columna_nueva,admitidos,2019,articles-401905_recurso.xlsx,ID CINE CODIGO DETALLADO,Columna 'ID CINE CODIGO DETALLADO' aparece en 2019 pero no en 2018,,
columna_eliminada,admitidos,2019,articles-401905_recurso.xlsx,Nivel Académico,Columna 'Nivel Académico' existía en 2018 pero desapareció en 2019,,
columna_eliminada,admitidos,2019,articles-401905_recurso.xlsx,Municipio de domicilio de la IES,Columna 'Municipio de domicilio de la IES' existía en 2018 pero desapareció en 2019,,
columna_eliminada,admitidos,2019,articles-401905_recurso.xlsx,Caracter IES,Columna 'Caracter IES' existía en 2018 pero desapareció en 2019,,
columna_eliminada,admitidos,2019,articles-401905_recurso.xlsx,Institución de Educación Superior (IES),Columna 'Institución de Educación Superior (IES)' existía en 2018 pero desapareció en 2019,,
columna_eliminada,admitidos,2019,articles-401905_recurso.xlsx,Código de  la Institución,Columna 'Código de  la Institución' existía en 2018 pero desapareció en 2019,,
columna_eliminada,admitidos,2019,articles-401905_recurso.xlsx,ID Área,Columna 'ID Área' existía en 2018 pero desapareció en 2019,,
columna_eliminada,admitidos,2019,articles-401905_recurso.xlsx,Departamento de  domicilio de la IES,Columna 'Departamento de  domicilio de la IES' existía en 2018 pero desapareció en 2019,,
columna_eliminada,admitidos,2019,articles-401905_recurso.xlsx,Sexo,Columna 'Sexo' existía en 2018 pero desapareció en 2019,,
columna_eliminada,admitidos,2019,articles-401905_recurso.xlsx,Municipio de oferta del programa,Columna 'Municipio de oferta del programa' existía en 2018 pero desapareció en 2019,,
columna_eliminada,admitidos,2019,articles-401905_recurso.xlsx,Código del  Municipio (Programa),Columna 'Código del  Municipio (Programa)' existía en 2018 pero desapareció en 2019,,
columna_eliminada,admitidos,2019,articles-401905_recurso.xlsx,Departamento de oferta del programa,Columna 'Departamento de oferta del programa' existía en 2018 pero desapareció en 2019,,
columna_eliminada,admitidos,2019,articles-401905_recurso.xlsx,Área de Conocimiento,Columna 'Área de Conocimiento' existía en 2018 pero desapareció en 2019,,
columna_eliminada,admitidos,2019,articles-401905_recurso.xlsx,Sector IES,Columna 'Sector IES' existía en 2018 pero desapareció en 2019,,
columna_eliminada,admitidos,2019,articles-401905_recurso.xlsx,Código  SNIES del programa,Columna 'Código  SNIES del programa' existía en 2018 pero desapareció en 2019,,
columna_eliminada,admitidos,2019,articles-401905_recurso.xlsx,Nivel de Formación,Columna 'Nivel de Formación' existía en 2018 pero desapareció en 2019,,
columna_eliminada,admitidos,2019,articles-401905_recurso.xlsx,Principal  o Seccional,Columna 'Principal  o Seccional' existía en 2018 pero desapareció en 2019,,
columna_eliminada,admitidos,2019,articles-401905_recurso.xlsx,ID Nivel de Formación,Columna 'ID Nivel de Formación' existía en 2018 pero desapareció en 2019,,
columna_eliminada,admitidos,2019,articles-401905_recurso.xlsx,ID Metodología,Columna 'ID Metodología' existía en 2018 pero desapareció en 2019,,
columna_eliminada,admitidos,2019,articles-401905_recurso.xlsx,IES PADRE,Columna 'IES PADRE' existía en 2018 pero desapareció en 2019,,
columna_eliminada,admitidos,2019,articles-401905_recurso.xlsx,Programa Académico,Columna 'Programa Académico' existía en 2018 pero desapareció en 2019,,
columna_eliminada,admitidos,2019,articles-401905_recurso.xlsx,Código del  departamento (IES),Columna 'Código del  departamento (IES)' existía en 2018 pero desapareció en 2019,,
columna_eliminada,admitidos,2019,articles-401905_recurso.xlsx,ID Nivel Académico,Columna 'ID Nivel Académico' existía en 2018 pero desapareció en 2019,,
columna_eliminada,admitidos,2019,articles-401905_recurso.xlsx,Código del  Departamento (Programa),Columna 'Código del  Departamento (Programa)' existía en 2018 pero desapareció en 2019,,
columna_eliminada,admitidos,2019,articles-401905_recurso.xlsx,Metodología,Columna 'Metodología' existía en 2018 pero desapareció en 2019,,
columna_eliminada,admitidos,2019,articles-401905_recurso.xlsx,Código del  Municipio (IES),Columna 'Código del  Municipio (IES)' existía en 2018 pero desapareció en 2019,,
columna_eliminada,admitidos,2019,articles-401905_recurso.xlsx,ID Carácter IES,Columna 'ID Carácter IES' existía en 2018 pero desapareció en 2019,,
columna_eliminada,admitidos,2019,articles-401905_recurso.xlsx,ID Sexo,Columna 'ID Sexo' existía en 2018 pero desapareció en 2019,,
columna_eliminada,admitidos,2019,articles-401905_recurso.xlsx,Id_Nucleo,Columna 'Id_Nucleo' existía en 2018 pero desapareció en 2019,,
columna_eliminada,admitidos,2019,articles-401905_recurso.xlsx,ID Sector IES,Columna 'ID Sector IES' existía en 2018 pero desapareció en 2019,,
columna_eliminada,admitidos,2019,articles-401905_recurso.xlsx,Núcleo Básico del Conocimiento (NBC),Columna 'Núcleo Básico del Conocimiento (NBC)' existía en 2018 pero desapareció en 2019,,
posible_renombre,admitidos,2019,articles-401905_recurso.xlsx,,Posible renombre: 'Nivel Académico' → 'NIVEL ACADÉMICO',Nivel Académico,NIVEL ACADÉMICO
posible_renombre,admitidos,2019,articles-401905_recurso.xlsx,,Posible renombre: 'Municipio de domicilio de la IES' → 'MUNICIPIO DE DOMICILIO DE LA IES',Municipio de domicilio de la IES,MUNICIPIO DE DOMICILIO DE LA IES
posible_renombre,admitidos,2019,articles-401905_recurso.xlsx,,Posible renombre: 'Caracter IES' → 'CARACTER IES',Caracter IES,CARACTER IES
posible_renombre,admitidos,2019,articles-401905_recurso.xlsx,,Posible renombre: 'Código de  la Institución' → 'CÓDIGO DE LA INSTITUCIÓN',Código de  la Institución,CÓDIGO DE LA INSTITUCIÓN
posible_renombre,admitidos,2019,articles-401905_recurso.xlsx,,Posible renombre: 'ID Área' → 'ID ÁREA',ID Área,ID ÁREA
posible_renombre,admitidos,2019,articles-401905_recurso.xlsx,,Posible renombre: 'Departamento de  domicilio de la IES' → 'DEPARTAMENTO DE DOMICILIO DE LA IES',Departamento de  domicilio de la IES,DEPARTAMENTO DE DOMICILIO DE LA IES
posible_renombre,admitidos,2019,articles-401905_recurso.xlsx,,Posible renombre: 'ID Sector IES' → 'ID SECTOR IES',ID Sector IES,ID SECTOR IES
posible_renombre,admitidos,2019,articles-401905_recurso.xlsx,,Posible renombre: 'Área de Conocimiento' → 'ÁREA DE CONOCIMIENTO',Área de Conocimiento,ÁREA DE CONOCIMIENTO
posible_renombre,admitidos,2019,articles-401905_recurso.xlsx,,Posible renombre: 'Código  SNIES del programa' → 'CÓDIGO SNIES DEL PROGRAMA',Código  SNIES del programa,CÓDIGO SNIES DEL PROGRAMA
posible_renombre,admitidos,2019,articles-401905_recurso.xlsx,,Posible renombre: 'Nivel de Formación' → 'NIVEL DE FORMACIÓN',Nivel de Formación,NIVEL DE FORMACIÓN
posible_renombre,admitidos,2019,articles-401905_recurso.xlsx,,Posible renombre: 'Principal  o Seccional' → 'PRINCIPAL O SECCIONAL',Principal  o Seccional,PRINCIPAL O SECCIONAL
posible_renombre,admitidos,2019,articles-401905_recurso.xlsx,,Posible renombre: 'ID Nivel de Formación' → 'ID NIVEL DE FORMACIÓN',ID Nivel de Formación,ID NIVEL DE FORMACIÓN
posible_renombre,admitidos,2019,articles-401905_recurso.xlsx,,Posible renombre: 'ID Metodología' → 'ID METODOLOGÍA',ID Metodología,ID METODOLOGÍA
posible_renombre,admitidos,2019,articles-401905_recurso.xlsx,,Posible renombre: 'IES PADRE' → 'IES_PADRE',IES PADRE,IES_PADRE
posible_renombre,admitidos,2019,articles-401905_recurso.xlsx,,Posible renombre: 'Programa Académico' → 'PROGRAMA ACADÉMICO',Programa Académico,PROGRAMA ACADÉMICO
posible_renombre,admitidos,2019,articles-401905_recurso.xlsx,,Posible renombre: 'Código del  departamento (IES)' → 'CÓDIGO DEL DEPARTAMENTO (IES)',Código del  departamento (IES),CÓDIGO DEL DEPARTAMENTO (IES)
posible_renombre,admitidos,2019,articles-401905_recurso.xlsx,,Posible renombre: 'ID Nivel Académico' → 'ID NIVEL ACADÉMICO',ID Nivel Académico,ID NIVEL ACADÉMICO
posible_renombre,admitidos,2019,articles-401905_recurso.xlsx,,Posible renombre: 'Metodología' → 'METODOLOGÍA',Metodología,METODOLOGÍA
posible_renombre,admitidos,2019,articles-401905_recurso.xlsx,,Posible renombre: 'Núcleo Básico del Conocimiento (NBC)' → 'NÚCLEO BÁSICO DEL CONOCIMIENTO (NBC)',Núcleo Básico del Conocimiento (NBC),NÚCLEO BÁSICO DEL CONOCIMIENTO (NBC)
posible_renombre,admitidos,2019,articles-401905_recurso.xlsx,,Posible renombre: 'Sector IES' → 'SECTOR IES',Sector IES,SECTOR IES
posible_renombre,admitidos,2019,articles-401905_recurso.xlsx,,Posible renombre: 'Institución de Educación Superior (IES)' → 'INSTITUCIÓN DE EDUCACIÓN SUPERIOR (IES)',Institución de Educación Superior (IES),INSTITUCIÓN DE EDUCACIÓN SUPERIOR (IES)
columna_nueva,admitidos,2020,articles-406666_recurso.xlsx,CÓDIGO DEL MUNICIPIO IES,Columna 'CÓDIGO DEL MUNICIPIO IES' aparece en 2020 pero no en 2019,,
columna_eliminada,admitidos,2020,articles-406666_recurso.xlsx,CÓDIGO DEL MUNICIPIO,Columna 'CÓDIGO DEL MUNICIPIO' existía en 2019 pero desapareció en 2020,,
columna_nueva,admitidos,2023,articles-421540_recurso.xlsx,IES ACREDITADA,Columna 'IES ACREDITADA' aparece en 2023 pero no en 2022,,
columna_nueva,admitidos,2023,articles-421540_recurso.xlsx,TIPO IES,Columna 'TIPO IES' aparece en 2023 pero no en 2022,,
columna_nueva,admitidos,2023,articles-421540_recurso.xlsx,CARÁCTER IES,Columna 'CARÁCTER IES' aparece en 2023 pero no en 2022,,
columna_nueva,admitidos,2023,articles-421540_recurso.xlsx,ID MODALIDAD,Columna 'ID MODALIDAD' aparece en 2023 pero no en 2022,,
columna_nueva,admitidos,2023,articles-421540_recurso.xlsx,MODALIDAD,Columna 'MODALIDAD' aparece en 2023 pero no en 2022,,
columna_nueva,admitidos,2023,articles-421540_recurso.xlsx,IES PADRE,Columna 'IES PADRE' aparece en 2023 pero no en 2022,,
columna_nueva,admitidos,2023,articles-421540_recurso.xlsx,ID CARÁCTER IES,Columna 'ID CARÁCTER IES' aparece en 2023 pero no en 2022,,
columna_nueva,admitidos,2023,articles-421540_recurso.xlsx,PROGRAMA ACREDITADO,Columna 'PROGRAMA ACREDITADO' aparece en 2023 pero no en 2022,,
columna_eliminada,admitidos,2023,articles-421540_recurso.xlsx,IES_PADRE,Columna 'IES_PADRE' existía en 2022 pero desapareció en 2023,,
columna_eliminada,admitidos,2023,articles-421540_recurso.xlsx,DESC CINE CODIGO DETALLADO,Columna 'DESC CINE CODIGO DETALLADO' existía en 2022 pero desapareció en 2023,,
columna_eliminada,admitidos,2023,articles-421540_recurso.xlsx,ID METODOLOGÍA,Columna 'ID METODOLOGÍA' existía en 2022 pero desapareció en 2023,,
columna_eliminada,admitidos,2023,articles-421540_recurso.xlsx,METODOLOGÍA,Columna 'METODOLOGÍA' existía en 2022 pero desapareció en 2023,,
columna_eliminada,admitidos,2023,articles-421540_recurso.xlsx,ID CARACTER,Columna 'ID CARACTER' existía en 2022 pero desapareció en 2023,,
columna_eliminada,admitidos,2023,articles-421540_recurso.xlsx,PRINCIPAL O SECCIONAL,Columna 'PRINCIPAL O SECCIONAL' existía en 2022 pero desapareció en 2023,,
columna_eliminada,admitidos,2023,articles-421540_recurso.xlsx,ID CINE CODIGO DETALLADO,Columna 'ID CINE CODIGO DETALLADO' existía en 2022 pero desapareció en 2023,,
columna_eliminada,admitidos,2023,articles-421540_recurso.xlsx,CARACTER IES,Columna 'CARACTER IES' existía en 2022 pero desapareció en 2023,,
posible_renombre,admitidos,2023,articles-421540_recurso.xlsx,,Posible renombre: 'IES_PADRE' → 'IES PADRE',IES_PADRE,IES PADRE
columna_nueva,primer_curso,2014,articles-391573_recurso.xlsx,Id_Sector,Columna 'Id_Sector' aparece en 2014 pero no en 2000,,
columna_nueva,primer_curso,2014,articles-391573_recurso.xlsx,Género,Columna 'Género' aparece en 2014 pero no en 2000,,
columna_nueva,primer_curso,2014,articles-391573_recurso.xlsx,Id Género,Columna 'Id Género' aparece en 2014 pero no en 2000,,
columna_nueva,primer_curso,2014,articles-391573_recurso.xlsx,Id_Nivel_Formacion,Columna 'Id_Nivel_Formacion' aparece en 2014 pero no en 2000,,
columna_nueva,primer_curso,2014,articles-391573_recurso.xlsx,Nivel Académico,Columna 'Nivel Académico' aparece en 2014 pero no en 2000,,
columna_nueva,primer_curso,2014,articles-391573_recurso.xlsx,Metodología,Columna 'Metodología' aparece en 2014 pero no en 2000,,
columna_nueva,primer_curso,2014,articles-391573_recurso.xlsx,Id_Area,Columna 'Id_Area' aparece en 2014 pero no en 2000,,
columna_nueva,primer_curso,2014,articles-391573_recurso.xlsx,Id_Caracter,Columna 'Id_Caracter' aparece en 2014 pero no en 2000,,
columna_nueva,primer_curso,2014,articles-391573_recurso.xlsx,Id_Metodologia,Columna 'Id_Metodologia' aparece en 2014 pero no en 2000,,
columna_nueva,primer_curso,2014,articles-391573_recurso.xlsx,IES PADRE,Columna 'IES PADRE' aparece en 2014 pero no en 2000,,
columna_nueva,primer_curso,2014,articles-391573_recurso.xlsx,Id_Nivel,Columna 'Id_Nivel' aparece en 2014 pero no en 2000,,
columna_nueva,primer_curso,2014,articles-391573_recurso.xlsx,Id_Nucleo,Columna 'Id_Nucleo' aparece en 2014 pero no en 2000,,
columna_nueva,primer_curso,2014,articles-391573_recurso.xlsx,Caracter IES,Columna 'Caracter IES' aparece en 2014 pero no en 2000,,
columna_eliminada,primer_curso,2014,articles-391573_recurso.xlsx,Total 2000-2,Columna 'Total 2000-2' existía en 2000 pero desapareció en 2014,,
columna_eliminada,primer_curso,2014,articles-391573_recurso.xlsx,Mujer 2000-2,Columna 'Mujer 2000-2' existía en 2000 pero desapareció en 2014,,
columna_eliminada,primer_curso,2014,articles-391573_recurso.xlsx,Mujer 2001-1,Columna 'Mujer 2001-1' existía en 2000 pero desapareció en 2014,,
columna_eliminada,primer_curso,2014,articles-391573_recurso.xlsx,Hombre 2000-1,Columna 'Hombre 2000-1' existía en 2000 pero desapareció en 2014,,
columna_eliminada,primer_curso,2014,articles-391573_recurso.xlsx,Hombre 2001-1,Columna 'Hombre 2001-1' existía en 2000 pero desapareció en 2014,,
columna_eliminada,primer_curso,2014,articles-391573_recurso.xlsx,Total 2001-1,Columna 'Total 2001-1' existía en 2000 pero desapareció en 2014,,
columna_eliminada,primer_curso,2014,articles-391573_recurso.xlsx,Total 2000-1,Columna 'Total 2000-1' existía en 2000 pero desapareció en 2014,,
columna_eliminada,primer_curso,2014,articles-391573_recurso.xlsx,Mujer 2001-2,Columna 'Mujer 2001-2' existía en 2000 pero desapareció en 2014,,
columna_eliminada,primer_curso,2014,articles-391573_recurso.xlsx,Hombre 2000-2,Columna 'Hombre 2000-2' existía en 2000 pero desapareció en 2014,,
columna_eliminada,primer_curso,2014,articles-391573_recurso.xlsx,Mujer 2000-1,Columna 'Mujer 2000-1' existía en 2000 pero desapareció en 2014,,
columna_eliminada,primer_curso,2014,articles-391573_recurso.xlsx,Hombre 2001-2,Columna 'Hombre 2001-2' existía en 2000 pero desapareció en 2014,,
columna_eliminada,primer_curso,2014,articles-391573_recurso.xlsx,Carácter IES,Columna 'Carácter IES' existía en 2000 pero desapareció en 2014,,
columna_eliminada,primer_curso,2014,articles-391573_recurso.xlsx,Metodología  del programa,Columna 'Metodología  del programa' existía en 2000 pero desapareció en 2014,,
columna_nueva,primer_curso,2016,articles-391571_recurso.xlsx,ID Nivel Académico,Columna 'ID Nivel Académico' aparece en 2016 pero no en 2015,,
columna_nueva,primer_curso,2016,articles-391571_recurso.xlsx,ID Área,Columna 'ID Área' aparece en 2016 pero no en 2015,,
columna_nueva,primer_curso,2016,articles-391571_recurso.xlsx,ID Nivel de Formación,Columna 'ID Nivel de Formación' aparece en 2016 pero no en 2015,,
columna_nueva,primer_curso,2016,articles-391571_recurso.xlsx,ID Metodología,Columna 'ID Metodología' aparece en 2016 pero no en 2015,,
columna_nueva,primer_curso,2016,articles-391571_recurso.xlsx,ID Sexo,Columna 'ID Sexo' aparece en 2016 pero no en 2015,,
columna_nueva,primer_curso,2016,articles-391571_recurso.xlsx,Sexo,Columna 'Sexo' aparece en 2016 pero no en 2015,,
columna_nueva,primer_curso,2016,articles-391571_recurso.xlsx,ID Caracter,Columna 'ID Caracter' aparece en 2016 pero no en 2015,,
columna_nueva,primer_curso,2016,articles-391571_recurso.xlsx,ID Sector IES,Columna 'ID Sector IES' aparece en 2016 pero no en 2015,,
columna_eliminada,primer_curso,2016,articles-391571_recurso.xlsx,Id_Sector,Columna 'Id_Sector' existía en 2015 pero desapareció en 2016,,
columna_eliminada,primer_curso,2016,articles-391571_recurso.xlsx,Género,Columna 'Género' existía en 2015 pero desapareció en 2016,,
columna_eliminada,primer_curso,2016,articles-391571_recurso.xlsx,Id Género,Columna 'Id Género' existía en 2015 pero desapareció en 2016,,
columna_eliminada,primer_curso,2016,articles-391571_recurso.xlsx,Id_Nivel_Formacion,Columna 'Id_Nivel_Formacion' existía en 2015 pero desapareció en 2016,,
columna_eliminada,primer_curso,2016,articles-391571_recurso.xlsx,Id_Area,Columna 'Id_Area' existía en 2015 pero desapareció en 2016,,
columna_eliminada,primer_curso,2016,articles-391571_recurso.xlsx,Id_Caracter,Columna 'Id_Caracter' existía en 2015 pero desapareció en 2016,,
columna_eliminada,primer_curso,2016,articles-391571_recurso.xlsx,Id_Metodologia,Columna 'Id_Metodologia' existía en 2015 pero desapareció en 2016,,
columna_eliminada,primer_curso,2016,articles-391571_recurso.xlsx,Id_Nivel,Columna 'Id_Nivel' existía en 2015 pero desapareció en 2016,,
posible_renombre,primer_curso,2016,articles-391571_recurso.xlsx,,Posible renombre: 'Id_Caracter' → 'ID Caracter',Id_Caracter,ID Caracter
columna_nueva,primer_curso,2018,articles-391569_recurso.xlsx,Municipio de Oferta del Programa,Columna 'Municipio de Oferta del Programa' aparece en 2018 pero no en 2017,,
columna_nueva,primer_curso,2018,articles-391569_recurso.xlsx,Código de la Institución,Columna 'Código de la Institución' aparece en 2018 pero no en 2017,,
columna_nueva,primer_curso,2018,articles-391569_recurso.xlsx,IES_PADRE,Columna 'IES_PADRE' aparece en 2018 pero no en 2017,,
columna_nueva,primer_curso,2018,articles-391569_recurso.xlsx,Código del municipio,Columna 'Código del municipio' aparece en 2018 pero no en 2017,,
columna_nueva,primer_curso,2018,articles-391569_recurso.xlsx,ID Núcleo,Columna 'ID Núcleo' aparece en 2018 pero no en 2017,,
columna_nueva,primer_curso,2018,articles-391569_recurso.xlsx,Código del Municipio (Programa),Columna 'Código del Municipio (Programa)' aparece en 2018 pero no en 2017,,
columna_nueva,primer_curso,2018,articles-391569_recurso.xlsx,Departamento de domicilio de la IES,Columna 'Departamento de domicilio de la IES' aparece en 2018 pero no en 2017,,
columna_nueva,primer_curso,2018,articles-391569_recurso.xlsx,Departamento de Oferta del Programa,Columna 'Departamento de Oferta del Programa' aparece en 2018 pero no en 2017,,
columna_nueva,primer_curso,2018,articles-391569_recurso.xlsx,Código SNIES del programa,Columna 'Código SNIES del programa' aparece en 2018 pero no en 2017,,
columna_nueva,primer_curso,2018,articles-391569_recurso.xlsx,Código del departamento (IES),Columna 'Código del departamento (IES)' aparece en 2018 pero no en 2017,,
columna_nueva,primer_curso,2018,articles-391569_recurso.xlsx,Código del Departamento (Programa),Columna 'Código del Departamento (Programa)' aparece en 2018 pero no en 2017,,
columna_nueva,primer_curso,2018,articles-391569_recurso.xlsx,Principal o Seccional,Columna 'Principal o Seccional' aparece en 2018 pero no en 2017,,
columna_eliminada,primer_curso,2018,articles-391569_recurso.xlsx,Código  SNIES del programa,Columna 'Código  SNIES del programa' existía en 2017 pero desapareció en 2018,,
columna_eliminada,primer_curso,2018,articles-391569_recurso.xlsx,Código del  Departamento (Programa),Columna 'Código del  Departamento (Programa)' existía en 2017 pero desapareció en 2018,,
columna_eliminada,primer_curso,2018,articles-391569_recurso.xlsx,Código de  la Institución,Columna 'Código de  la Institución' existía en 2017 pero desapareció en 2018,,
columna_eliminada,primer_curso,2018,articles-391569_recurso.xlsx,Principal  o Seccional,Columna 'Principal  o Seccional' existía en 2017 pero desapareció en 2018,,
columna_eliminada,primer_curso,2018,articles-391569_recurso.xlsx,Código del  Municipio (IES),Columna 'Código del  Municipio (IES)' existía en 2017 pero desapareció en 2018,,
columna_eliminada,primer_curso,2018,articles-391569_recurso.xlsx,Departamento de  domicilio de la IES,Columna 'Departamento de  domicilio de la IES' existía en 2017 pero desapareció en 2018,,
columna_eliminada,primer_curso,2018,articles-391569_recurso.xlsx,Municipio de oferta del programa,Columna 'Municipio de oferta del programa' existía en 2017 pero desapareció en 2018,,
columna_eliminada,primer_curso,2018,articles-391569_recurso.xlsx,IES PADRE,Columna 'IES PADRE' existía en 2017 pero desapareció en 2018,,
columna_eliminada,primer_curso,2018,articles-391569_recurso.xlsx,Id_Nucleo,Columna 'Id_Nucleo' existía en 2017 pero desapareció en 2018,,
columna_eliminada,primer_curso,2018,articles-391569_recurso.xlsx,Código del  Municipio (Programa),Columna 'Código del  Municipio (Programa)' existía en 2017 pero desapareció en 2018,,
columna_eliminada,primer_curso,2018,articles-391569_recurso.xlsx,Departamento de oferta del programa,Columna 'Departamento de oferta del programa' existía en 2017 pero desapareció en 2018,,
columna_eliminada,primer_curso,2018,articles-391569_recurso.xlsx,Código del  departamento (IES),Columna 'Código del  departamento (IES)' existía en 2017 pero desapareció en 2018,,
posible_renombre,primer_curso,2018,articles-391569_recurso.xlsx,,Posible renombre: 'Código de  la Institución' → 'Código de la Institución',Código de  la Institución,Código de la Institución
posible_renombre,primer_curso,2018,articles-391569_recurso.xlsx,,Posible renombre: 'Departamento de  domicilio de la IES' → 'Departamento de domicilio de la IES',Departamento de  domicilio de la IES,Departamento de domicilio de la IES
posible_renombre,primer_curso,2018,articles-391569_recurso.xlsx,,Posible renombre: 'Municipio de oferta del programa' → 'Municipio de Oferta del Programa',Municipio de oferta del programa,Municipio de Oferta del Programa
posible_renombre,primer_curso,2018,articles-391569_recurso.xlsx,,Posible renombre: 'Código del  Municipio (Programa)' → 'Código del Municipio (Programa)',Código del  Municipio (Programa),Código del Municipio (Programa)
posible_renombre,primer_curso,2018,articles-391569_recurso.xlsx,,Posible renombre: 'Departamento de oferta del programa' → 'Departamento de Oferta del Programa',Departamento de oferta del programa,Departamento de Oferta del Programa
posible_renombre,primer_curso,2018,articles-391569_recurso.xlsx,,Posible renombre: 'Código  SNIES del programa' → 'Código SNIES del programa',Código  SNIES del programa,Código SNIES del programa
posible_renombre,primer_curso,2018,articles-391569_recurso.xlsx,,Posible renombre: 'Principal  o Seccional' → 'Principal o Seccional',Principal  o Seccional,Principal o Seccional
posible_renombre,primer_curso,2018,articles-391569_recurso.xlsx,,Posible renombre: 'IES PADRE' → 'IES_PADRE',IES PADRE,IES_PADRE
posible_renombre,primer_curso,2018,articles-391569_recurso.xlsx,,Posible renombre: 'Código del  departamento (IES)' → 'Código del departamento (IES)',Código del  departamento (IES),Código del departamento (IES)
posible_renombre,primer_curso,2018,articles-391569_recurso.xlsx,,Posible renombre: 'Código del  Departamento (Programa)' → 'Código del Departamento (Programa)',Código del  Departamento (Programa),Código del Departamento (Programa)
columna_nueva,primer_curso,2019,articles-401909_recurso.xlsx,SECTOR IES,Columna 'SECTOR IES' aparece en 2019 pero no en 2018,,
columna_nueva,primer_curso,2019,articles-401909_recurso.xlsx,NIVEL DE FORMACIÓN,Columna 'NIVEL DE FORMACIÓN' aparece en 2019 pero no en 2018,,
columna_nueva,primer_curso,2019,articles-401909_recurso.xlsx,CÓDIGO DEL MUNICIPIO,Columna 'CÓDIGO DEL MUNICIPIO' aparece en 2019 pero no en 2018,,
columna_nueva,primer_curso,2019,articles-401909_recurso.xlsx,ID NÚCLEO,Columna 'ID NÚCLEO' aparece en 2019 pero no en 2018,,
columna_nueva,primer_curso,2019,articles-401909_recurso.xlsx,DESC CINE CAMPO ESPECIFICO,Columna 'DESC CINE CAMPO ESPECIFICO' aparece en 2019 pero no en 2018,,
columna_nueva,primer_curso,2019,articles-401909_recurso.xlsx,DESC CINE CODIGO DETALLADO,Columna 'DESC CINE CODIGO DETALLADO' aparece en 2019 pero no en 2018,,
columna_nueva,primer_curso,2019,articles-401909_recurso.xlsx,ÁREA DE CONOCIMIENTO,Columna 'ÁREA DE CONOCIMIENTO' aparece en 2019 pero no en 2018,,
columna_nueva,primer_curso,2019,articles-401909_recurso.xlsx,NIVEL ACADÉMICO,Columna 'NIVEL ACADÉMICO' aparece en 2019 pero no en 2018,,
columna_nueva,primer_curso,2019,articles-401909_recurso.xlsx,DESC CINE CAMPO AMPLIO,Columna 'DESC CINE CAMPO AMPLIO' aparece en 2019 pero no en 2018,,
columna_nueva,primer_curso,2019,articles-401909_recurso.xlsx,NÚCLEO BÁSICO DEL CONOCIMIENTO (NBC),Columna 'NÚCLEO BÁSICO DEL CONOCIMIENTO (NBC)' aparece en 2019 pero no en 2018,,
columna_nueva,primer_curso,2019,articles-401909_recurso.xlsx,ID CINE CAMPO AMPLIO,Columna 'ID CINE CAMPO AMPLIO' aparece en 2019 pero no en 2018,,
columna_nueva,primer_curso,2019,articles-401909_recurso.xlsx,CÓDIGO DE LA INSTITUCIÓN,Columna 'CÓDIGO DE LA INSTITUCIÓN' aparece en 2019 pero no en 2018,,
columna_nueva,primer_curso,2019,articles-401909_recurso.xlsx,PROGRAMA ACADÉMICO,Columna 'PROGRAMA ACADÉMICO' aparece en 2019 pero no en 2018,,
columna_nueva,primer_curso,2019,articles-401909_recurso.xlsx,METODOLOGÍA,Columna 'METODOLOGÍA' aparece en 2019 pero no en 2018,,
columna_nueva,primer_curso,2019,articles-401909_recurso.xlsx,CÓDIGO DEL DEPARTAMENTO (IES),Columna 'CÓDIGO DEL DEPARTAMENTO (IES)' aparece en 2019 pero no en 2018,,
columna_nueva,primer_curso,2019,articles-401909_recurso.xlsx,PRINCIPAL O SECCIONAL,Columna 'PRINCIPAL O SECCIONAL' aparece en 2019 pero no en 2018,,
columna_nueva,primer_curso,2019,articles-401909_recurso.xlsx,CÓDIGO SNIES DEL PROGRAMA,Columna 'CÓDIGO SNIES DEL PROGRAMA' aparece en 2019 pero no en 2018,,
columna_nueva,primer_curso,2019,articles-401909_recurso.xlsx,CARACTER IES,Columna 'CARACTER IES' aparece en 2019 pero no en 2018,,
columna_nueva,primer_curso,2019,articles-401909_recurso.xlsx,MUNICIPIO DE DOMICILIO DE LA IES,Columna 'MUNICIPIO DE DOMICILIO DE LA IES' aparece en 2019 pero no en 2018,,
columna_nueva,primer_curso,2019,articles-401909_recurso.xlsx,DEPARTAMENTO DE DOMICILIO DE LA IES,Columna 'DEPARTAMENTO DE DOMICILIO DE LA IES' aparece en 2019 pero no en 2018,,
columna_nueva,primer_curso,2019,articles-401909_recurso.xlsx,ID NIVEL ACADÉMICO,Columna 'ID NIVEL ACADÉMICO' aparece en 2019 pero no en 2018,,
columna_nueva,primer_curso,2019,articles-401909_recurso.xlsx,ID SECTOR IES,Columna 'ID SECTOR IES' aparece en 2019 pero no en 2018,,
columna_nueva,primer_curso,2019,articles-401909_recurso.xlsx,INSTITUCIÓN DE EDUCACIÓN SUPERIOR (IES),Columna 'INSTITUCIÓN DE EDUCACIÓN SUPERIOR (IES)' aparece en 2019 pero no en 2018,,
columna_nueva,primer_curso,2019,articles-401909_recurso.xlsx,ID CARACTER,Columna 'ID CARACTER' aparece en 2019 pero no en 2018,,
columna_nueva,primer_curso,2019,articles-401909_recurso.xlsx,ID CINE CAMPO ESPECIFICO,Columna 'ID CINE CAMPO ESPECIFICO' aparece en 2019 pero no en 2018,,
columna_nueva,primer_curso,2019,articles-401909_recurso.xlsx,ID METODOLOGÍA,Columna 'ID METODOLOGÍA' aparece en 2019 pero no en 2018,,
columna_nueva,primer_curso,2019,articles-401909_recurso.xlsx,ID ÁREA,Columna 'ID ÁREA' aparece en 2019 pero no en 2018,,
columna_nueva,primer_curso,2019,articles-401909_recurso.xlsx,ID NIVEL DE FORMACIÓN,Columna 'ID NIVEL DE FORMACIÓN' aparece en 2019 pero no en 2018,,
columna_nueva,primer_curso,2019,articles-401909_recurso.xlsx,ID CINE CODIGO DETALLADO,Columna 'ID CINE CODIGO DETALLADO' aparece en 2019 pero no en 2018,,
columna_eliminada,primer_curso,2019,articles-401909_recurso.xlsx,Nivel Académico,Columna 'Nivel Académico' existía en 2018 pero desapareció en 2019,,
columna_eliminada,primer_curso,2019,articles-401909_recurso.xlsx,Municipio de domicilio de la IES,Columna 'Municipio de domicilio de la IES' existía en 2018 pero desapareció en 2019,,
columna_eliminada,primer_curso,2019,articles-401909_recurso.xlsx,Código del municipio,Columna 'Código del municipio' existía en 2018 pero desapareció en 2019,,
columna_eliminada,primer_curso,2019,articles-401909_recurso.xlsx,Caracter IES,Columna 'Caracter IES' existía en 2018 pero desapareció en 2019,,
columna_eliminada,primer_curso,2019,articles-401909_recurso.xlsx,Departamento de domicilio de la IES,Columna 'Departamento de domicilio de la IES' existía en 2018 pero desapareció en 2019,,
columna_eliminada,primer_curso,2019,articles-401909_recurso.xlsx,Departamento de Oferta del Programa,Columna 'Departamento de Oferta del Programa' existía en 2018 pero desapareció en 2019,,
columna_eliminada,primer_curso,2019,articles-401909_recurso.xlsx,Institución de Educación Superior (IES),Columna 'Institución de Educación Superior (IES)' existía en 2018 pero desapareció en 2019,,
columna_eliminada,primer_curso,2019,articles-401909_recurso.xlsx,Código SNIES del programa,Columna 'Código SNIES del programa' existía en 2018 pero desapareció en 2019,,
columna_eliminada,primer_curso,2019,articles-401909_recurso.xlsx,Código del departamento (IES),Columna 'Código del departamento (IES)' existía en 2018 pero desapareció en 2019,,
columna_eliminada,primer_curso,2019,articles-401909_recurso.xlsx,ID Área,Columna 'ID Área' existía en 2018 pero desapareció en 2019,,
columna_eliminada,primer_curso,2019,articles-401909_recurso.xlsx,Sexo,Columna 'Sexo' existía en 2018 pero desapareció en 2019,,
columna_eliminada,primer_curso,2019,articles-401909_recurso.xlsx,Código del Municipio (Programa),Columna 'Código del Municipio (Programa)' existía en 2018 pero desapareció en 2019,,
columna_eliminada,primer_curso,2019,articles-401909_recurso.xlsx,Área de Conocimiento,Columna 'Área de Conocimiento' existía en 2018 pero desapareció en 2019,,
columna_eliminada,primer_curso,2019,articles-401909_recurso.xlsx,Sector IES,Columna 'Sector IES' existía en 2018 pero desapareció en 2019,,
columna_eliminada,primer_curso,2019,articles-401909_recurso.xlsx,Código del Departamento (Programa),Columna 'Código del Departamento (Programa)' existía en 2018 pero desapareció en 2019,,
columna_eliminada,primer_curso,2019,articles-401909_recurso.xlsx,Nivel de Formación,Columna 'Nivel de Formación' existía en 2018 pero desapareció en 2019,,
columna_eliminada,primer_curso,2019,articles-401909_recurso.xlsx,Municipio de Oferta del Programa,Columna 'Municipio de Oferta del Programa' existía en 2018 pero desapareció en 2019,,
columna_eliminada,primer_curso,2019,articles-401909_recurso.xlsx,ID Nivel de Formación,Columna 'ID Nivel de Formación' existía en 2018 pero desapareció en 2019,,
columna_eliminada,primer_curso,2019,articles-401909_recurso.xlsx,Código de la Institución,Columna 'Código de la Institución' existía en 2018 pero desapareció en 2019,,
columna_eliminada,primer_curso,2019,articles-401909_recurso.xlsx,ID Metodología,Columna 'ID Metodología' existía en 2018 pero desapareció en 2019,,
columna_eliminada,primer_curso,2019,articles-401909_recurso.xlsx,Programa Académico,Columna 'Programa Académico' existía en 2018 pero desapareció en 2019,,
columna_eliminada,primer_curso,2019,articles-401909_recurso.xlsx,ID Nivel Académico,Columna 'ID Nivel Académico' existía en 2018 pero desapareció en 2019,,
columna_eliminada,primer_curso,2019,articles-401909_recurso.xlsx,Metodología,Columna 'Metodología' existía en 2018 pero desapareció en 2019,,
columna_eliminada,primer_curso,2019,articles-401909_recurso.xlsx,ID Sexo,Columna 'ID Sexo' existía en 2018 pero desapareció en 2019,,
columna_eliminada,primer_curso,2019,articles-401909_recurso.xlsx,ID Caracter,Columna 'ID Caracter' existía en 2018 pero desapareció en 2019,,
columna_eliminada,primer_curso,2019,articles-401909_recurso.xlsx,ID Núcleo,Columna 'ID Núcleo' existía en 2018 pero desapareció en 2019,,
columna_eliminada,primer_curso,2019,articles-401909_recurso.xlsx,ID Sector IES,Columna 'ID Sector IES' existía en 2018 pero desapareció en 2019,,
columna_eliminada,primer_curso,2019,articles-401909_recurso.xlsx,Núcleo Básico del Conocimiento (NBC),Columna 'Núcleo Básico del Conocimiento (NBC)' existía en 2018 pero desapareció en 2019,,
columna_eliminada,primer_curso,2019,articles-401909_recurso.xlsx,Principal o Seccional,Columna 'Principal o Seccional' existía en 2018 pero desapareció en 2019,,
posible_renombre,primer_curso,2019,articles-401909_recurso.xlsx,,Posible renombre: 'Nivel Académico' → 'NIVEL ACADÉMICO',Nivel Académico,NIVEL ACADÉMICO
posible_renombre,primer_curso,2019,articles-401909_recurso.xlsx,,Posible renombre: 'Municipio de domicilio de la IES' → 'MUNICIPIO DE DOMICILIO DE LA IES',Municipio de domicilio de la IES,MUNICIPIO DE DOMICILIO DE LA IES
posible_renombre,primer_curso,2019,articles-401909_recurso.xlsx,,Posible renombre: 'Código del municipio' → 'CÓDIGO DEL MUNICIPIO',Código del municipio,CÓDIGO DEL MUNICIPIO
posible_renombre,primer_curso,2019,articles-401909_recurso.xlsx,,Posible renombre: 'Caracter IES' → 'CARACTER IES',Caracter IES,CARACTER IES
posible_renombre,primer_curso,2019,articles-401909_recurso.xlsx,,Posible renombre: 'Departamento de domicilio de la IES' → 'DEPARTAMENTO DE DOMICILIO DE LA IES',Departamento de domicilio de la IES,DEPARTAMENTO DE DOMICILIO DE LA IES
posible_renombre,primer_curso,2019,articles-401909_recurso.xlsx,,Posible renombre: 'Código SNIES del programa' → 'CÓDIGO SNIES DEL PROGRAMA',Código SNIES del programa,CÓDIGO SNIES DEL PROGRAMA
posible_renombre,primer_curso,2019,articles-401909_recurso.xlsx,,Posible renombre: 'Código del departamento (IES)' → 'CÓDIGO DEL DEPARTAMENTO (IES)',Código del departamento (IES),CÓDIGO DEL DEPARTAMENTO (IES)
posible_renombre,primer_curso,2019,articles-401909_recurso.xlsx,,Posible renombre: 'ID Área' → 'ID ÁREA',ID Área,ID ÁREA
posible_renombre,primer_curso,2019,articles-401909_recurso.xlsx,,Posible renombre: 'ID Sector IES' → 'ID SECTOR IES',ID Sector IES,ID SECTOR IES
posible_renombre,primer_curso,2019,articles-401909_recurso.xlsx,,Posible renombre: 'Área de Conocimiento' → 'ÁREA DE CONOCIMIENTO',Área de Conocimiento,ÁREA DE CONOCIMIENTO
posible_renombre,primer_curso,2019,articles-401909_recurso.xlsx,,Posible renombre: 'Nivel de Formación' → 'NIVEL DE FORMACIÓN',Nivel de Formación,NIVEL DE FORMACIÓN
posible_renombre,primer_curso,2019,articles-401909_recurso.xlsx,,Posible renombre: 'ID Nivel de Formación' → 'ID NIVEL DE FORMACIÓN',ID Nivel de Formación,ID NIVEL DE FORMACIÓN
posible_renombre,primer_curso,2019,articles-401909_recurso.xlsx,,Posible renombre: 'Código de la Institución' → 'CÓDIGO DE LA INSTITUCIÓN',Código de la Institución,CÓDIGO DE LA INSTITUCIÓN
posible_renombre,primer_curso,2019,articles-401909_recurso.xlsx,,Posible renombre: 'ID Metodología' → 'ID METODOLOGÍA',ID Metodología,ID METODOLOGÍA
posible_renombre,primer_curso,2019,articles-401909_recurso.xlsx,,Posible renombre: 'Programa Académico' → 'PROGRAMA ACADÉMICO',Programa Académico,PROGRAMA ACADÉMICO
posible_renombre,primer_curso,2019,articles-401909_recurso.xlsx,,Posible renombre: 'ID Nivel Académico' → 'ID NIVEL ACADÉMICO',ID Nivel Académico,ID NIVEL ACADÉMICO
posible_renombre,primer_curso,2019,articles-401909_recurso.xlsx,,Posible renombre: 'Metodología' → 'METODOLOGÍA',Metodología,METODOLOGÍA
posible_renombre,primer_curso,2019,articles-401909_recurso.xlsx,,Posible renombre: 'Núcleo Básico del Conocimiento (NBC)' → 'NÚCLEO BÁSICO DEL CONOCIMIENTO (NBC)',Núcleo Básico del Conocimiento (NBC),NÚCLEO BÁSICO DEL CONOCIMIENTO (NBC)
posible_renombre,primer_curso,2019,articles-401909_recurso.xlsx,,Posible renombre: 'ID Caracter' → 'ID CARACTER',ID Caracter,ID CARACTER
posible_renombre,primer_curso,2019,articles-401909_recurso.xlsx,,Posible renombre: 'ID Núcleo' → 'ID NÚCLEO',ID Núcleo,ID NÚCLEO
posible_renombre,primer_curso,2019,articles-401909_recurso.xlsx,,Posible renombre: 'Sector IES' → 'SECTOR IES',Sector IES,SECTOR IES
posible_renombre,primer_curso,2019,articles-401909_recurso.xlsx,,Posible renombre: 'Institución de Educación Superior (IES)' → 'INSTITUCIÓN DE EDUCACIÓN SUPERIOR (IES)',Institución de Educación Superior (IES),INSTITUCIÓN DE EDUCACIÓN SUPERIOR (IES)
posible_renombre,primer_curso,2019,articles-401909_recurso.xlsx,,Posible renombre: 'Principal o Seccional' → 'PRINCIPAL O SECCIONAL',Principal o Seccional,PRINCIPAL O SECCIONAL
columna_nueva,primer_curso,2020,articles-406672_recurso.xlsx,CÓDIGO DEL MUNICIPIO (IES),Columna 'CÓDIGO DEL MUNICIPIO (IES)' aparece en 2020 pero no en 2019,,
columna_nueva,primer_curso,2020,articles-406672_recurso.xlsx,ID ÁREA DE CONOCIMIENTO,Columna 'ID ÁREA DE CONOCIMIENTO' aparece en 2020 pero no en 2019,,
columna_eliminada,primer_curso,2020,articles-406672_recurso.xlsx,CÓDIGO DEL MUNICIPIO,Columna 'CÓDIGO DEL MUNICIPIO' existía en 2019 pero desapareció en 2020,,
columna_eliminada,primer_curso,2020,articles-406672_recurso.xlsx,ID ÁREA,Columna 'ID ÁREA' existía en 2019 pero desapareció en 2020,,
columna_nueva,primer_curso,2021,articles-411254_recurso.xlsx,IES ACREDITADA,Columna 'IES ACREDITADA' aparece en 2021 pero no en 2020,,
columna_nueva,primer_curso,2021,articles-411254_recurso.xlsx,PROGRAMA ACREDITADO,Columna 'PROGRAMA ACREDITADO' aparece en 2021 pero no en 2020,,
columna_eliminada,primer_curso,2021,articles-411254_recurso.xlsx,DESC CINE CODIGO DETALLADO,Columna 'DESC CINE CODIGO DETALLADO' existía en 2020 pero desapareció en 2021,,
columna_eliminada,primer_curso,2021,articles-411254_recurso.xlsx,ID CINE CODIGO DETALLADO,Columna 'ID CINE CODIGO DETALLADO' existía en 2020 pero desapareció en 2021,,
columna_nueva,primer_curso,2023,articles-421541_recurso.xlsx,TIPO IES,Columna 'TIPO IES' aparece en 2023 pero no en 2022,,
columna_nueva,primer_curso,2023,articles-421541_recurso.xlsx,CARÁCTER IES,Columna 'CARÁCTER IES' aparece en 2023 pero no en 2022,,
columna_nueva,primer_curso,2023,articles-421541_recurso.xlsx,ID MODALIDAD,Columna 'ID MODALIDAD' aparece en 2023 pero no en 2022,,
columna_nueva,primer_curso,2023,articles-421541_recurso.xlsx,MODALIDAD,Columna 'MODALIDAD' aparece en 2023 pero no en 2022,,
columna_nueva,primer_curso,2023,articles-421541_recurso.xlsx,IES PADRE,Columna 'IES PADRE' aparece en 2023 pero no en 2022,,
columna_nueva,primer_curso,2023,articles-421541_recurso.xlsx,CÓDIGO DEL MUNICIPIO IES,Columna 'CÓDIGO DEL MUNICIPIO IES' aparece en 2023 pero no en 2022,,
columna_nueva,primer_curso,2023,articles-421541_recurso.xlsx,ID ÁREA,Columna 'ID ÁREA' aparece en 2023 pero no en 2022,,
columna_nueva,primer_curso,2023,articles-421541_recurso.xlsx,ID CARÁCTER IES,Columna 'ID CARÁCTER IES' aparece en 2023 pero no en 2022,,
columna_eliminada,primer_curso,2023,articles-421541_recurso.xlsx,CÓDIGO DEL MUNICIPIO (IES),Columna 'CÓDIGO DEL MUNICIPIO (IES)' existía en 2022 pero desapareció en 2023,,
columna_eliminada,primer_curso,2023,articles-421541_recurso.xlsx,IES_PADRE,Columna 'IES_PADRE' existía en 2022 pero desapareció en 2023,,
columna_eliminada,primer_curso,2023,articles-421541_recurso.xlsx,ID METODOLOGÍA,Columna 'ID METODOLOGÍA' existía en 2022 pero desapareció en 2023,,
columna_eliminada,primer_curso,2023,articles-421541_recurso.xlsx,METODOLOGÍA,Columna 'METODOLOGÍA' existía en 2022 pero desapareció en 2023,,
columna_eliminada,primer_curso,2023,articles-421541_recurso.xlsx,CARACTER IES,Columna 'CARACTER IES' existía en 2022 pero desapareció en 2023,,
columna_eliminada,primer_curso,2023,articles-421541_recurso.xlsx,ID CARACTER,Columna 'ID CARACTER' existía en 2022 pero desapareció en 2023,,
columna_eliminada,primer_curso,2023,articles-421541_recurso.xlsx,PRINCIPAL O SECCIONAL,Columna 'PRINCIPAL O SECCIONAL' existía en 2022 pero desapareció en 2023,,
columna_eliminada,primer_curso,2023,articles-421541_recurso.xlsx,ID ÁREA DE CONOCIMIENTO,Columna 'ID ÁREA DE CONOCIMIENTO' existía en 2022 pero desapareció en 2023,,
posible_renombre,primer_curso,2023,articles-421541_recurso.xlsx,,Posible renombre: 'IES_PADRE' → 'IES PADRE',IES_PADRE,IES PADRE
columna_nueva,matriculados,2014,articles-391579_recurso.xlsx,Id_Sector,Columna 'Id_Sector' aparece en 2014 pero no en 2000,,
columna_nueva,matriculados,2014,articles-391579_recurso.xlsx,Género,Columna 'Género' aparece en 2014 pero no en 2000,,
columna_nueva,matriculados,2014,articles-391579_recurso.xlsx,Id Género,Columna 'Id Género' aparece en 2014 pero no en 2000,,
columna_nueva,matriculados,2014,articles-391579_recurso.xlsx,Id_Nivel_Formacion,Columna 'Id_Nivel_Formacion' aparece en 2014 pero no en 2000,,
columna_nueva,matriculados,2014,articles-391579_recurso.xlsx,Nivel Académico,Columna 'Nivel Académico' aparece en 2014 pero no en 2000,,
columna_nueva,matriculados,2014,articles-391579_recurso.xlsx,Metodología,Columna 'Metodología' aparece en 2014 pero no en 2000,,
columna_nueva,matriculados,2014,articles-391579_recurso.xlsx,Id_Area,Columna 'Id_Area' aparece en 2014 pero no en 2000,,
columna_nueva,matriculados,2014,articles-391579_recurso.xlsx,Id_Caracter,Columna 'Id_Caracter' aparece en 2014 pero no en 2000,,
columna_nueva,matriculados,2014,articles-391579_recurso.xlsx,Id_Metodologia,Columna 'Id_Metodologia' aparece en 2014 pero no en 2000,,
columna_nueva,matriculados,2014,articles-391579_recurso.xlsx,IES PADRE,Columna 'IES PADRE' aparece en 2014 pero no en 2000,,
columna_nueva,matriculados,2014,articles-391579_recurso.xlsx,Id_Nivel,Columna 'Id_Nivel' aparece en 2014 pero no en 2000,,
columna_nueva,matriculados,2014,articles-391579_recurso.xlsx,Id_Nucleo,Columna 'Id_Nucleo' aparece en 2014 pero no en 2000,,
columna_nueva,matriculados,2014,articles-391579_recurso.xlsx,Caracter IES,Columna 'Caracter IES' aparece en 2014 pero no en 2000,,
columna_eliminada,matriculados,2014,articles-391579_recurso.xlsx,Total 2000-2,Columna 'Total 2000-2' existía en 2000 pero desapareció en 2014,,
columna_eliminada,matriculados,2014,articles-391579_recurso.xlsx,Mujer 2000-2,Columna 'Mujer 2000-2' existía en 2000 pero desapareció en 2014,,
columna_eliminada,matriculados,2014,articles-391579_recurso.xlsx,Mujer 2001-1,Columna 'Mujer 2001-1' existía en 2000 pero desapareció en 2014,,
columna_eliminada,matriculados,2014,articles-391579_recurso.xlsx,Hombre 2000-1,Columna 'Hombre 2000-1' existía en 2000 pero desapareció en 2014,,
columna_eliminada,matriculados,2014,articles-391579_recurso.xlsx,Hombre 2001-1,Columna 'Hombre 2001-1' existía en 2000 pero desapareció en 2014,,
columna_eliminada,matriculados,2014,articles-391579_recurso.xlsx,Total 2001-1,Columna 'Total 2001-1' existía en 2000 pero desapareció en 2014,,
columna_eliminada,matriculados,2014,articles-391579_recurso.xlsx,Total 2000-1,Columna 'Total 2000-1' existía en 2000 pero desapareció en 2014,,
columna_eliminada,matriculados,2014,articles-391579_recurso.xlsx,Mujer 2001-2,Columna 'Mujer 2001-2' existía en 2000 pero desapareció en 2014,,
columna_eliminada,matriculados,2014,articles-391579_recurso.xlsx,Hombre 2000-2,Columna 'Hombre 2000-2' existía en 2000 pero desapareció en 2014,,
columna_eliminada,matriculados,2014,articles-391579_recurso.xlsx,Mujer 2000-1,Columna 'Mujer 2000-1' existía en 2000 pero desapareció en 2014,,
columna_eliminada,matriculados,2014,articles-391579_recurso.xlsx,Hombre 2001-2,Columna 'Hombre 2001-2' existía en 2000 pero desapareció en 2014,,
columna_eliminada,matriculados,2014,articles-391579_recurso.xlsx,Carácter IES,Columna 'Carácter IES' existía en 2000 pero desapareció en 2014,,
columna_eliminada,matriculados,2014,articles-391579_recurso.xlsx,Metodología  del programa,Columna 'Metodología  del programa' existía en 2000 pero desapareció en 2014,,
columna_nueva,matriculados,2016,articles-391577_recurso.xlsx,ID Nivel Académico,Columna 'ID Nivel Académico' aparece en 2016 pero no en 2015,,
columna_nueva,matriculados,2016,articles-391577_recurso.xlsx,ID Área,Columna 'ID Área' aparece en 2016 pero no en 2015,,
columna_nueva,matriculados,2016,articles-391577_recurso.xlsx,ID Nivel de Formación,Columna 'ID Nivel de Formación' aparece en 2016 pero no en 2015,,
columna_nueva,matriculados,2016,articles-391577_recurso.xlsx,ID Metodología,Columna 'ID Metodología' aparece en 2016 pero no en 2015,,
columna_nueva,matriculados,2016,articles-391577_recurso.xlsx,ID Sexo,Columna 'ID Sexo' aparece en 2016 pero no en 2015,,
columna_nueva,matriculados,2016,articles-391577_recurso.xlsx,Sexo,Columna 'Sexo' aparece en 2016 pero no en 2015,,
columna_nueva,matriculados,2016,articles-391577_recurso.xlsx,ID Caracter,Columna 'ID Caracter' aparece en 2016 pero no en 2015,,
columna_nueva,matriculados,2016,articles-391577_recurso.xlsx,ID Sector IES,Columna 'ID Sector IES' aparece en 2016 pero no en 2015,,
columna_eliminada,matriculados,2016,articles-391577_recurso.xlsx,Id_Sector,Columna 'Id_Sector' existía en 2015 pero desapareció en 2016,,
columna_eliminada,matriculados,2016,articles-391577_recurso.xlsx,Género,Columna 'Género' existía en 2015 pero desapareció en 2016,,
columna_eliminada,matriculados,2016,articles-391577_recurso.xlsx,Id Género,Columna 'Id Género' existía en 2015 pero desapareció en 2016,,
columna_eliminada,matriculados,2016,articles-391577_recurso.xlsx,Id_Nivel_Formacion,Columna 'Id_Nivel_Formacion' existía en 2015 pero desapareció en 2016,,
columna_eliminada,matriculados,2016,articles-391577_recurso.xlsx,Id_Area,Columna 'Id_Area' existía en 2015 pero desapareció en 2016,,
columna_eliminada,matriculados,2016,articles-391577_recurso.xlsx,Id_Caracter,Columna 'Id_Caracter' existía en 2015 pero desapareció en 2016,,
columna_eliminada,matriculados,2016,articles-391577_recurso.xlsx,Id_Metodologia,Columna 'Id_Metodologia' existía en 2015 pero desapareció en 2016,,
columna_eliminada,matriculados,2016,articles-391577_recurso.xlsx,Id_Nivel,Columna 'Id_Nivel' existía en 2015 pero desapareció en 2016,,
posible_renombre,matriculados,2016,articles-391577_recurso.xlsx,,Posible renombre: 'Id_Caracter' → 'ID Caracter',Id_Caracter,ID Caracter
columna_nueva,matriculados,2019,articles-401908_recurso.xlsx,SECTOR IES,Columna 'SECTOR IES' aparece en 2019 pero no en 2018,,
columna_nueva,matriculados,2019,articles-401908_recurso.xlsx,NIVEL DE FORMACIÓN,Columna 'NIVEL DE FORMACIÓN' aparece en 2019 pero no en 2018,,
columna_nueva,matriculados,2019,articles-401908_recurso.xlsx,CÓDIGO DEL MUNICIPIO,Columna 'CÓDIGO DEL MUNICIPIO' aparece en 2019 pero no en 2018,,
columna_nueva,matriculados,2019,articles-401908_recurso.xlsx,ID NÚCLEO,Columna 'ID NÚCLEO' aparece en 2019 pero no en 2018,,
columna_nueva,matriculados,2019,articles-401908_recurso.xlsx,DESC CINE CAMPO ESPECIFICO,Columna 'DESC CINE CAMPO ESPECIFICO' aparece en 2019 pero no en 2018,,
columna_nueva,matriculados,2019,articles-401908_recurso.xlsx,DESC CINE CODIGO DETALLADO,Columna 'DESC CINE CODIGO DETALLADO' aparece en 2019 pero no en 2018,,
columna_nueva,matriculados,2019,articles-401908_recurso.xlsx,ÁREA DE CONOCIMIENTO,Columna 'ÁREA DE CONOCIMIENTO' aparece en 2019 pero no en 2018,,
columna_nueva,matriculados,2019,articles-401908_recurso.xlsx,NIVEL ACADÉMICO,Columna 'NIVEL ACADÉMICO' aparece en 2019 pero no en 2018,,
columna_nueva,matriculados,2019,articles-401908_recurso.xlsx,DESC CINE CAMPO AMPLIO,Columna 'DESC CINE CAMPO AMPLIO' aparece en 2019 pero no en 2018,,
columna_nueva,matriculados,2019,articles-401908_recurso.xlsx,NÚCLEO BÁSICO DEL CONOCIMIENTO (NBC),Columna 'NÚCLEO BÁSICO DEL CONOCIMIENTO (NBC)' aparece en 2019 pero no en 2018,,
columna_nueva,matriculados,2019,articles-401908_recurso.xlsx,ID CINE CAMPO AMPLIO,Columna 'ID CINE CAMPO AMPLIO' aparece en 2019 pero no en 2018,,
columna_nueva,matriculados,2019,articles-401908_recurso.xlsx,CÓDIGO DE LA INSTITUCIÓN,Columna 'CÓDIGO DE LA INSTITUCIÓN' aparece en 2019 pero no en 2018,,
columna_nueva,matriculados,2019,articles-401908_recurso.xlsx,PROGRAMA ACADÉMICO,Columna 'PROGRAMA ACADÉMICO' aparece en 2019 pero no en 2018,,
columna_nueva,matriculados,2019,articles-401908_recurso.xlsx,METODOLOGÍA,Columna 'METODOLOGÍA' aparece en 2019 pero no en 2018,,
columna_nueva,matriculados,2019,articles-401908_recurso.xlsx,CÓDIGO DEL DEPARTAMENTO (IES),Columna 'CÓDIGO DEL DEPARTAMENTO (IES)' aparece en 2019 pero no en 2018,,
columna_nueva,matriculados,2019,articles-401908_recurso.xlsx,PRINCIPAL O SECCIONAL,Columna 'PRINCIPAL O SECCIONAL' aparece en 2019 pero no en 2018,,
columna_nueva,matriculados,2019,articles-401908_recurso.xlsx,CÓDIGO SNIES DEL PROGRAMA,Columna 'CÓDIGO SNIES DEL PROGRAMA' aparece en 2019 pero no en 2018,,
columna_nueva,matriculados,2019,articles-401908_recurso.xlsx,CARACTER IES,Columna 'CARACTER IES' aparece en 2019 pero no en 2018,,
columna_nueva,matriculados,2019,articles-401908_recurso.xlsx,MUNICIPIO DE DOMICILIO DE LA IES,Columna 'MUNICIPIO DE DOMICILIO DE LA IES' aparece en 2019 pero no en 2018,,
columna_nueva,matriculados,2019,articles-401908_recurso.xlsx,DEPARTAMENTO DE DOMICILIO DE LA IES,Columna 'DEPARTAMENTO DE DOMICILIO DE LA IES' aparece en 2019 pero no en 2018,,
columna_nueva,matriculados,2019,articles-401908_recurso.xlsx,IES_PADRE,Columna 'IES_PADRE' aparece en 2019 pero no en 2018,,
columna_nueva,matriculados,2019,articles-401908_recurso.xlsx,ID NIVEL ACADÉMICO,Columna 'ID NIVEL ACADÉMICO' aparece en 2019 pero no en 2018,,
columna_nueva,matriculados,2019,articles-401908_recurso.xlsx,ID SECTOR IES,Columna 'ID SECTOR IES' aparece en 2019 pero no en 2018,,
columna_nueva,matriculados,2019,articles-401908_recurso.xlsx,INSTITUCIÓN DE EDUCACIÓN SUPERIOR (IES),Columna 'INSTITUCIÓN DE EDUCACIÓN SUPERIOR (IES)' aparece en 2019 pero no en 2018,,
columna_nueva,matriculados,2019,articles-401908_recurso.xlsx,ID CARACTER,Columna 'ID CARACTER' aparece en 2019 pero no en 2018,,
columna_nueva,matriculados,2019,articles-401908_recurso.xlsx,ID CINE CAMPO ESPECIFICO,Columna 'ID CINE CAMPO ESPECIFICO' aparece en 2019 pero no en 2018,,
columna_nueva,matriculados,2019,articles-401908_recurso.xlsx,ID METODOLOGÍA,Columna 'ID METODOLOGÍA' aparece en 2019 pero no en 2018,,
columna_nueva,matriculados,2019,articles-401908_recurso.xlsx,ID ÁREA,Columna 'ID ÁREA' aparece en 2019 pero no en 2018,,
columna_nueva,matriculados,2019,articles-401908_recurso.xlsx,ID NIVEL DE FORMACIÓN,Columna 'ID NIVEL DE FORMACIÓN' aparece en 2019 pero no en 2018,,
columna_nueva,matriculados,2019,articles-401908_recurso.xlsx,ID CINE CODIGO DETALLADO,Columna 'ID CINE CODIGO DETALLADO' aparece en 2019 pero no en 2018,,
columna_eliminada,matriculados,2019,articles-401908_recurso.xlsx,Nivel Académico,Columna 'Nivel Académico' existía en 2018 pero desapareció en 2019,,
columna_eliminada,matriculados,2019,articles-401908_recurso.xlsx,Municipio de domicilio de la IES,Columna 'Municipio de domicilio de la IES' existía en 2018 pero desapareció en 2019,,
columna_eliminada,matriculados,2019,articles-401908_recurso.xlsx,Caracter IES,Columna 'Caracter IES' existía en 2018 pero desapareció en 2019,,
columna_eliminada,matriculados,2019,articles-401908_recurso.xlsx,Institución de Educación Superior (IES),Columna 'Institución de Educación Superior (IES)' existía en 2018 pero desapareció en 2019,,
columna_eliminada,matriculados,2019,articles-401908_recurso.xlsx,Código de  la Institución,Columna 'Código de  la Institución' existía en 2018 pero desapareció en 2019,,
columna_eliminada,matriculados,2019,articles-401908_recurso.xlsx,ID Área,Columna 'ID Área' existía en 2018 pero desapareció en 2019,,
columna_eliminada,matriculados,2019,articles-401908_recurso.xlsx,Departamento de  domicilio de la IES,Columna 'Departamento de  domicilio de la IES' existía en 2018 pero desapareció en 2019,,
columna_eliminada,matriculados,2019,articles-401908_recurso.xlsx,Sexo,Columna 'Sexo' existía en 2018 pero desapareció en 2019,,
columna_eliminada,matriculados,2019,articles-401908_recurso.xlsx,Municipio de oferta del programa,Columna 'Municipio de oferta del programa' existía en 2018 pero desapareció en 2019,,
columna_eliminada,matriculados,2019,articles-401908_recurso.xlsx,Código del  Municipio (Programa),Columna 'Código del  Municipio (Programa)' existía en 2018 pero desapareció en 2019,,
columna_eliminada,matriculados,2019,articles-401908_recurso.xlsx,Departamento de oferta del programa,Columna 'Departamento de oferta del programa' existía en 2018 pero desapareció en 2019,,
columna_eliminada,matriculados,2019,articles-401908_recurso.xlsx,Área de Conocimiento,Columna 'Área de Conocimiento' existía en 2018 pero desapareció en 2019,,
columna_eliminada,matriculados,2019,articles-401908_recurso.xlsx,Sector IES,Columna 'Sector IES' existía en 2018 pero desapareció en 2019,,
columna_eliminada,matriculados,2019,articles-401908_recurso.xlsx,Código  SNIES del programa,Columna 'Código  SNIES del programa' existía en 2018 pero desapareció en 2019,,
columna_eliminada,matriculados,2019,articles-401908_recurso.xlsx,Nivel de Formación,Columna 'Nivel de Formación' existía en 2018 pero desapareció en 2019,,
columna_eliminada,matriculados,2019,articles-401908_recurso.xlsx,Principal  o Seccional,Columna 'Principal  o Seccional' existía en 2018 pero desapareció en 2019,,
columna_eliminada,matriculados,2019,articles-401908_recurso.xlsx,ID Nivel de Formación,Columna 'ID Nivel de Formación' existía en 2018 pero desapareció en 2019,,
columna_eliminada,matriculados,2019,articles-401908_recurso.xlsx,ID Metodología,Columna 'ID Metodología' existía en 2018 pero desapareció en 2019,,
columna_eliminada,matriculados,2019,articles-401908_recurso.xlsx,IES PADRE,Columna 'IES PADRE' existía en 2018 pero desapareció en 2019,,
columna_eliminada,matriculados,2019,articles-401908_recurso.xlsx,Programa Académico,Columna 'Programa Académico' existía en 2018 pero desapareció en 2019,,
columna_eliminada,matriculados,2019,articles-401908_recurso.xlsx,Código del  departamento (IES),Columna 'Código del  departamento (IES)' existía en 2018 pero desapareció en 2019,,
columna_eliminada,matriculados,2019,articles-401908_recurso.xlsx,ID Nivel Académico,Columna 'ID Nivel Académico' existía en 2018 pero desapareció en 2019,,
columna_eliminada,matriculados,2019,articles-401908_recurso.xlsx,Código del  Departamento (Programa),Columna 'Código del  Departamento (Programa)' existía en 2018 pero desapareció en 2019,,
columna_eliminada,matriculados,2019,articles-401908_recurso.xlsx,Metodología,Columna 'Metodología' existía en 2018 pero desapareció en 2019,,
columna_eliminada,matriculados,2019,articles-401908_recurso.xlsx,Código del  Municipio (IES),Columna 'Código del  Municipio (IES)' existía en 2018 pero desapareció en 2019,,
columna_eliminada,matriculados,2019,articles-401908_recurso.xlsx,ID Sexo,Columna 'ID Sexo' existía en 2018 pero desapareció en 2019,,
columna_eliminada,matriculados,2019,articles-401908_recurso.xlsx,Id_Nucleo,Columna 'Id_Nucleo' existía en 2018 pero desapareció en 2019,,
columna_eliminada,matriculados,2019,articles-401908_recurso.xlsx,ID Caracter,Columna 'ID Caracter' existía en 2018 pero desapareció en 2019,,
columna_eliminada,matriculados,2019,articles-401908_recurso.xlsx,ID Sector IES,Columna 'ID Sector IES' existía en 2018 pero desapareció en 2019,,
columna_eliminada,matriculados,2019,articles-401908_recurso.xlsx,Núcleo Básico del Conocimiento (NBC),Columna 'Núcleo Básico del Conocimiento (NBC)' existía en 2018 pero desapareció en 2019,,
posible_renombre,matriculados,2019,articles-401908_recurso.xlsx,,Posible renombre: 'Nivel Académico' → 'NIVEL ACADÉMICO',Nivel Académico,NIVEL ACADÉMICO
posible_renombre,matriculados,2019,articles-401908_recurso.xlsx,,Posible renombre: 'Municipio de domicilio de la IES' → 'MUNICIPIO DE DOMICILIO DE LA IES',Municipio de domicilio de la IES,MUNICIPIO DE DOMICILIO DE LA IES
posible_renombre,matriculados,2019,articles-401908_recurso.xlsx,,Posible renombre: 'Caracter IES' → 'CARACTER IES',Caracter IES,CARACTER IES
posible_renombre,matriculados,2019,articles-401908_recurso.xlsx,,Posible renombre: 'Código de  la Institución' → 'CÓDIGO DE LA INSTITUCIÓN',Código de  la Institución,CÓDIGO DE LA INSTITUCIÓN
posible_renombre,matriculados,2019,articles-401908_recurso.xlsx,,Posible renombre: 'ID Área' → 'ID ÁREA',ID Área,ID ÁREA
posible_renombre,matriculados,2019,articles-401908_recurso.xlsx,,Posible renombre: 'Departamento de  domicilio de la IES' → 'DEPARTAMENTO DE DOMICILIO DE LA IES',Departamento de  domicilio de la IES,DEPARTAMENTO DE DOMICILIO DE LA IES
posible_renombre,matriculados,2019,articles-401908_recurso.xlsx,,Posible renombre: 'ID Sector IES' → 'ID SECTOR IES',ID Sector IES,ID SECTOR IES
posible_renombre,matriculados,2019,articles-401908_recurso.xlsx,,Posible renombre: 'Área de Conocimiento' → 'ÁREA DE CONOCIMIENTO',Área de Conocimiento,ÁREA DE CONOCIMIENTO
posible_renombre,matriculados,2019,articles-401908_recurso.xlsx,,Posible renombre: 'Código  SNIES del programa' → 'CÓDIGO SNIES DEL PROGRAMA',Código  SNIES del programa,CÓDIGO SNIES DEL PROGRAMA
posible_renombre,matriculados,2019,articles-401908_recurso.xlsx,,Posible renombre: 'Nivel de Formación' → 'NIVEL DE FORMACIÓN',Nivel de Formación,NIVEL DE FORMACIÓN
posible_renombre,matriculados,2019,articles-401908_recurso.xlsx,,Posible renombre: 'Principal  o Seccional' → 'PRINCIPAL O SECCIONAL',Principal  o Seccional,PRINCIPAL O SECCIONAL
posible_renombre,matriculados,2019,articles-401908_recurso.xlsx,,Posible renombre: 'ID Nivel de Formación' → 'ID NIVEL DE FORMACIÓN',ID Nivel de Formación,ID NIVEL DE FORMACIÓN
posible_renombre,matriculados,2019,articles-401908_recurso.xlsx,,Posible renombre: 'ID Metodología' → 'ID METODOLOGÍA',ID Metodología,ID METODOLOGÍA
posible_renombre,matriculados,2019,articles-401908_recurso.xlsx,,Posible renombre: 'IES PADRE' → 'IES_PADRE',IES PADRE,IES_PADRE
posible_renombre,matriculados,2019,articles-401908_recurso.xlsx,,Posible renombre: 'Programa Académico' → 'PROGRAMA ACADÉMICO',Programa Académico,PROGRAMA ACADÉMICO
posible_renombre,matriculados,2019,articles-401908_recurso.xlsx,,Posible renombre: 'Código del  departamento (IES)' → 'CÓDIGO DEL DEPARTAMENTO (IES)',Código del  departamento (IES),CÓDIGO DEL DEPARTAMENTO (IES)
posible_renombre,matriculados,2019,articles-401908_recurso.xlsx,,Posible renombre: 'ID Nivel Académico' → 'ID NIVEL ACADÉMICO',ID Nivel Académico,ID NIVEL ACADÉMICO
posible_renombre,matriculados,2019,articles-401908_recurso.xlsx,,Posible renombre: 'Metodología' → 'METODOLOGÍA',Metodología,METODOLOGÍA
posible_renombre,matriculados,2019,articles-401908_recurso.xlsx,,Posible renombre: 'Núcleo Básico del Conocimiento (NBC)' → 'NÚCLEO BÁSICO DEL CONOCIMIENTO (NBC)',Núcleo Básico del Conocimiento (NBC),NÚCLEO BÁSICO DEL CONOCIMIENTO (NBC)
posible_renombre,matriculados,2019,articles-401908_recurso.xlsx,,Posible renombre: 'ID Caracter' → 'ID CARACTER',ID Caracter,ID CARACTER
posible_renombre,matriculados,2019,articles-401908_recurso.xlsx,,Posible renombre: 'Sector IES' → 'SECTOR IES',Sector IES,SECTOR IES
posible_renombre,matriculados,2019,articles-401908_recurso.xlsx,,Posible renombre: 'Institución de Educación Superior (IES)' → 'INSTITUCIÓN DE EDUCACIÓN SUPERIOR (IES)',Institución de Educación Superior (IES),INSTITUCIÓN DE EDUCACIÓN SUPERIOR (IES)
columna_nueva,matriculados,2020,articles-406671_recurso.xlsx,CÓDIGO DEL MUNICIPIO (IES),Columna 'CÓDIGO DEL MUNICIPIO (IES)' aparece en 2020 pero no en 2019,,
columna_nueva,matriculados,2020,articles-406671_recurso.xlsx,ID ÁREA DE CONOCIMIENTO,Columna 'ID ÁREA DE CONOCIMIENTO' aparece en 2020 pero no en 2019,,
columna_eliminada,matriculados,2020,articles-406671_recurso.xlsx,CÓDIGO DEL MUNICIPIO,Columna 'CÓDIGO DEL MUNICIPIO' existía en 2019 pero desapareció en 2020,,
columna_eliminada,matriculados,2020,articles-406671_recurso.xlsx,ID ÁREA,Columna 'ID ÁREA' existía en 2019 pero desapareció en 2020,,
columna_nueva,matriculados,2021,articles-411252_recurso.xlsx,IES ACREDITADA,Columna 'IES ACREDITADA' aparece en 2021 pero no en 2020,,
columna_nueva,matriculados,2021,articles-411252_recurso.xlsx,PROGRAMA ACREDITADO,Columna 'PROGRAMA ACREDITADO' aparece en 2021 pero no en 2020,,
columna_eliminada,matriculados,2021,articles-411252_recurso.xlsx,DESC CINE CODIGO DETALLADO,Columna 'DESC CINE CODIGO DETALLADO' existía en 2020 pero desapareció en 2021,,
columna_eliminada,matriculados,2021,articles-411252_recurso.xlsx,ID CINE CODIGO DETALLADO,Columna 'ID CINE CODIGO DETALLADO' existía en 2020 pero desapareció en 2021,,
columna_nueva,matriculados,2023,articles-421539_recurso.xlsx,TIPO IES,Columna 'TIPO IES' aparece en 2023 pero no en 2022,,
columna_nueva,matriculados,2023,articles-421539_recurso.xlsx,CARÁCTER IES,Columna 'CARÁCTER IES' aparece en 2023 pero no en 2022,,
columna_nueva,matriculados,2023,articles-421539_recurso.xlsx,ID MODALIDAD,Columna 'ID MODALIDAD' aparece en 2023 pero no en 2022,,
columna_nueva,matriculados,2023,articles-421539_recurso.xlsx,MODALIDAD,Columna 'MODALIDAD' aparece en 2023 pero no en 2022,,
columna_nueva,matriculados,2023,articles-421539_recurso.xlsx,IES PADRE,Columna 'IES PADRE' aparece en 2023 pero no en 2022,,
columna_nueva,matriculados,2023,articles-421539_recurso.xlsx,CÓDIGO DEL MUNICIPIO IES,Columna 'CÓDIGO DEL MUNICIPIO IES' aparece en 2023 pero no en 2022,,
columna_nueva,matriculados,2023,articles-421539_recurso.xlsx,ID ÁREA,Columna 'ID ÁREA' aparece en 2023 pero no en 2022,,
columna_nueva,matriculados,2023,articles-421539_recurso.xlsx,ID CARÁCTER IES,Columna 'ID CARÁCTER IES' aparece en 2023 pero no en 2022,,
columna_eliminada,matriculados,2023,articles-421539_recurso.xlsx,CÓDIGO DEL MUNICIPIO (IES),Columna 'CÓDIGO DEL MUNICIPIO (IES)' existía en 2022 pero desapareció en 2023,,
columna_eliminada,matriculados,2023,articles-421539_recurso.xlsx,IES_PADRE,Columna 'IES_PADRE' existía en 2022 pero desapareció en 2023,,
columna_eliminada,matriculados,2023,articles-421539_recurso.xlsx,ID METODOLOGÍA,Columna 'ID METODOLOGÍA' existía en 2022 pero desapareció en 2023,,
columna_eliminada,matriculados,2023,articles-421539_recurso.xlsx,METODOLOGÍA,Columna 'METODOLOGÍA' existía en 2022 pero desapareció en 2023,,
columna_eliminada,matriculados,2023,articles-421539_recurso.xlsx,CARACTER IES,Columna 'CARACTER IES' existía en 2022 pero desapareció en 2023,,
columna_eliminada,matriculados,2023,articles-421539_recurso.xlsx,ID CARACTER,Columna 'ID CARACTER' existía en 2022 pero desapareció en 2023,,
columna_eliminada,matriculados,2023,articles-421539_recurso.xlsx,PRINCIPAL O SECCIONAL,Columna 'PRINCIPAL O SECCIONAL' existía en 2022 pero desapareció en 2023,,
columna_eliminada,matriculados,2023,articles-421539_recurso.xlsx,ID ÁREA DE CONOCIMIENTO,Columna 'ID ÁREA DE CONOCIMIENTO' existía en 2022 pero desapareció en 2023,,
posible_renombre,matriculados,2023,articles-421539_recurso.xlsx,,Posible renombre: 'IES_PADRE' → 'IES PADRE',IES_PADRE,IES PADRE
columna_nueva,graduados,2018,articles-391581_recurso.xlsx,Municipio de Oferta del Programa,Columna 'Municipio de Oferta del Programa' aparece en 2018 pero no en 2017,,
columna_nueva,graduados,2018,articles-391581_recurso.xlsx,Código de la Institución,Columna 'Código de la Institución' aparece en 2018 pero no en 2017,,
columna_nueva,graduados,2018,articles-391581_recurso.xlsx,IES_PADRE,Columna 'IES_PADRE' aparece en 2018 pero no en 2017,,
columna_nueva,graduados,2018,articles-391581_recurso.xlsx,Código del municipio,Columna 'Código del municipio' aparece en 2018 pero no en 2017,,
columna_nueva,graduados,2018,articles-391581_recurso.xlsx,ID Núcleo,Columna 'ID Núcleo' aparece en 2018 pero no en 2017,,
columna_nueva,graduados,2018,articles-391581_recurso.xlsx,Código del Municipio (Programa),Columna 'Código del Municipio (Programa)' aparece en 2018 pero no en 2017,,
columna_nueva,graduados,2018,articles-391581_recurso.xlsx,Departamento de domicilio de la IES,Columna 'Departamento de domicilio de la IES' aparece en 2018 pero no en 2017,,
columna_nueva,graduados,2018,articles-391581_recurso.xlsx,Departamento de Oferta del Programa,Columna 'Departamento de Oferta del Programa' aparece en 2018 pero no en 2017,,
columna_nueva,graduados,2018,articles-391581_recurso.xlsx,Código SNIES del programa,Columna 'Código SNIES del programa' aparece en 2018 pero no en 2017,,
columna_nueva,graduados,2018,articles-391581_recurso.xlsx,Código del departamento (IES),Columna 'Código del departamento (IES)' aparece en 2018 pero no en 2017,,
columna_nueva,graduados,2018,articles-391581_recurso.xlsx,Código del Departamento (Programa),Columna 'Código del Departamento (Programa)' aparece en 2018 pero no en 2017,,
columna_nueva,graduados,2018,articles-391581_recurso.xlsx,Principal o Seccional,Columna 'Principal o Seccional' aparece en 2018 pero no en 2017,,
columna_eliminada,graduados,2018,articles-391581_recurso.xlsx,Código  SNIES del programa,Columna 'Código  SNIES del programa' existía en 2017 pero desapareció en 2018,,
columna_eliminada,graduados,2018,articles-391581_recurso.xlsx,Código del  Departamento (Programa),Columna 'Código del  Departamento (Programa)' existía en 2017 pero desapareció en 2018,,
columna_eliminada,graduados,2018,articles-391581_recurso.xlsx,Código de  la Institución,Columna 'Código de  la Institución' existía en 2017 pero desapareció en 2018,,
columna_eliminada,graduados,2018,articles-391581_recurso.xlsx,Principal  o Seccional,Columna 'Principal  o Seccional' existía en 2017 pero desapareció en 2018,,
columna_eliminada,graduados,2018,articles-391581_recurso.xlsx,Código del  Municipio (IES),Columna 'Código del  Municipio (IES)' existía en 2017 pero desapareció en 2018,,
columna_eliminada,graduados,2018,articles-391581_recurso.xlsx,Departamento de  domicilio de la IES,Columna 'Departamento de  domicilio de la IES' existía en 2017 pero desapareció en 2018,,
columna_eliminada,graduados,2018,articles-391581_recurso.xlsx,Municipio de oferta del programa,Columna 'Municipio de oferta del programa' existía en 2017 pero desapareció en 2018,,
columna_eliminada,graduados,2018,articles-391581_recurso.xlsx,IES PADRE,Columna 'IES PADRE' existía en 2017 pero desapareció en 2018,,
columna_eliminada,graduados,2018,articles-391581_recurso.xlsx,Id_Nucleo,Columna 'Id_Nucleo' existía en 2017 pero desapareció en 2018,,
columna_eliminada,graduados,2018,articles-391581_recurso.xlsx,Código del  Municipio (Programa),Columna 'Código del  Municipio (Programa)' existía en 2017 pero desapareció en 2018,,
columna_eliminada,graduados,2018,articles-391581_recurso.xlsx,Departamento de oferta del programa,Columna 'Departamento de oferta del programa' existía en 2017 pero desapareció en 2018,,
columna_eliminada,graduados,2018,articles-391581_recurso.xlsx,Código del  departamento (IES),Columna 'Código del  departamento (IES)' existía en 2017 pero desapareció en 2018,,
posible_renombre,graduados,2018,articles-391581_recurso.xlsx,,Posible renombre: 'Código de  la Institución' → 'Código de la Institución',Código de  la Institución,Código de la Institución
posible_renombre,graduados,2018,articles-391581_recurso.xlsx,,Posible renombre: 'Departamento de  domicilio de la IES' → 'Departamento de domicilio de la IES',Departamento de  domicilio de la IES,Departamento de domicilio de la IES
posible_renombre,graduados,2018,articles-391581_recurso.xlsx,,Posible renombre: 'Municipio de oferta del programa' → 'Municipio de Oferta del Programa',Municipio de oferta del programa,Municipio de Oferta del Programa
posible_renombre,graduados,2018,articles-391581_recurso.xlsx,,Posible renombre: 'Código del  Municipio (Programa)' → 'Código del Municipio (Programa)',Código del  Municipio (Programa),Código del Municipio (Programa)
posible_renombre,graduados,2018,articles-391581_recurso.xlsx,,Posible renombre: 'Departamento de oferta del programa' → 'Departamento de Oferta del Programa',Departamento de oferta del programa,Departamento de Oferta del Programa
posible_renombre,graduados,2018,articles-391581_recurso.xlsx,,Posible renombre: 'Código  SNIES del programa' → 'Código SNIES del programa',Código  SNIES del programa,Código SNIES del programa
posible_renombre,graduados,2018,articles-391581_recurso.xlsx,,Posible renombre: 'Principal  o Seccional' → 'Principal o Seccional',Principal  o Seccional,Principal o Seccional
posible_renombre,graduados,2018,articles-391581_recurso.xlsx,,Posible renombre: 'IES PADRE' → 'IES_PADRE',IES PADRE,IES_PADRE
posible_renombre,graduados,2018,articles-391581_recurso.xlsx,,Posible renombre: 'Código del  departamento (IES)' → 'Código del departamento (IES)',Código del  departamento (IES),Código del departamento (IES)
posible_renombre,graduados,2018,articles-391581_recurso.xlsx,,Posible renombre: 'Código del  Departamento (Programa)' → 'Código del Departamento (Programa)',Código del  Departamento (Programa),Código del Departamento (Programa)
columna_nueva,graduados,2019,articles-401906_recurso.xlsx,SECTOR IES,Columna 'SECTOR IES' aparece en 2019 pero no en 2018,,
columna_nueva,graduados,2019,articles-401906_recurso.xlsx,NIVEL DE FORMACIÓN,Columna 'NIVEL DE FORMACIÓN' aparece en 2019 pero no en 2018,,
columna_nueva,graduados,2019,articles-401906_recurso.xlsx,CÓDIGO DEL MUNICIPIO,Columna 'CÓDIGO DEL MUNICIPIO' aparece en 2019 pero no en 2018,,
columna_nueva,graduados,2019,articles-401906_recurso.xlsx,ID NÚCLEO,Columna 'ID NÚCLEO' aparece en 2019 pero no en 2018,,
columna_nueva,graduados,2019,articles-401906_recurso.xlsx,DESC CINE CAMPO ESPECIFICO,Columna 'DESC CINE CAMPO ESPECIFICO' aparece en 2019 pero no en 2018,,
columna_nueva,graduados,2019,articles-401906_recurso.xlsx,DESC CINE CODIGO DETALLADO,Columna 'DESC CINE CODIGO DETALLADO' aparece en 2019 pero no en 2018,,
columna_nueva,graduados,2019,articles-401906_recurso.xlsx,ÁREA DE CONOCIMIENTO,Columna 'ÁREA DE CONOCIMIENTO' aparece en 2019 pero no en 2018,,
columna_nueva,graduados,2019,articles-401906_recurso.xlsx,NIVEL ACADÉMICO,Columna 'NIVEL ACADÉMICO' aparece en 2019 pero no en 2018,,
columna_nueva,graduados,2019,articles-401906_recurso.xlsx,DESC CINE CAMPO AMPLIO,Columna 'DESC CINE CAMPO AMPLIO' aparece en 2019 pero no en 2018,,
columna_nueva,graduados,2019,articles-401906_recurso.xlsx,NÚCLEO BÁSICO DEL CONOCIMIENTO (NBC),Columna 'NÚCLEO BÁSICO DEL CONOCIMIENTO (NBC)' aparece en 2019 pero no en 2018,,
columna_nueva,graduados,2019,articles-401906_recurso.xlsx,ID CINE CAMPO AMPLIO,Columna 'ID CINE CAMPO AMPLIO' aparece en 2019 pero no en 2018,,
columna_nueva,graduados,2019,articles-401906_recurso.xlsx,CÓDIGO DE LA INSTITUCIÓN,Columna 'CÓDIGO DE LA INSTITUCIÓN' aparece en 2019 pero no en 2018,,
columna_nueva,graduados,2019,articles-401906_recurso.xlsx,PROGRAMA ACADÉMICO,Columna 'PROGRAMA ACADÉMICO' aparece en 2019 pero no en 2018,,
columna_nueva,graduados,2019,articles-401906_recurso.xlsx,METODOLOGÍA,Columna 'METODOLOGÍA' aparece en 2019 pero no en 2018,,
columna_nueva,graduados,2019,articles-401906_recurso.xlsx,CÓDIGO DEL DEPARTAMENTO (IES),Columna 'CÓDIGO DEL DEPARTAMENTO (IES)' aparece en 2019 pero no en 2018,,
columna_nueva,graduados,2019,articles-401906_recurso.xlsx,PRINCIPAL O SECCIONAL,Columna 'PRINCIPAL O SECCIONAL' aparece en 2019 pero no en 2018,,
columna_nueva,graduados,2019,articles-401906_recurso.xlsx,CÓDIGO SNIES DEL PROGRAMA,Columna 'CÓDIGO SNIES DEL PROGRAMA' aparece en 2019 pero no en 2018,,
columna_nueva,graduados,2019,articles-401906_recurso.xlsx,CARACTER IES,Columna 'CARACTER IES' aparece en 2019 pero no en 2018,,
columna_nueva,graduados,2019,articles-401906_recurso.xlsx,MUNICIPIO DE DOMICILIO DE LA IES,Columna 'MUNICIPIO DE DOMICILIO DE LA IES' aparece en 2019 pero no en 2018,,
columna_nueva,graduados,2019,articles-401906_recurso.xlsx,DEPARTAMENTO DE DOMICILIO DE LA IES,Columna 'DEPARTAMENTO DE DOMICILIO DE LA IES' aparece en 2019 pero no en 2018,,
columna_nueva,graduados,2019,articles-401906_recurso.xlsx,ID NIVEL ACADÉMICO,Columna 'ID NIVEL ACADÉMICO' aparece en 2019 pero no en 2018,,
columna_nueva,graduados,2019,articles-401906_recurso.xlsx,ID SECTOR IES,Columna 'ID SECTOR IES' aparece en 2019 pero no en 2018,,
columna_nueva,graduados,2019,articles-401906_recurso.xlsx,INSTITUCIÓN DE EDUCACIÓN SUPERIOR (IES),Columna 'INSTITUCIÓN DE EDUCACIÓN SUPERIOR (IES)' aparece en 2019 pero no en 2018,,
columna_nueva,graduados,2019,articles-401906_recurso.xlsx,ID CARACTER,Columna 'ID CARACTER' aparece en 2019 pero no en 2018,,
columna_nueva,graduados,2019,articles-401906_recurso.xlsx,ID CINE CAMPO ESPECIFICO,Columna 'ID CINE CAMPO ESPECIFICO' aparece en 2019 pero no en 2018,,
columna_nueva,graduados,2019,articles-401906_recurso.xlsx,ID METODOLOGÍA,Columna 'ID METODOLOGÍA' aparece en 2019 pero no en 2018,,
columna_nueva,graduados,2019,articles-401906_recurso.xlsx,ID ÁREA,Columna 'ID ÁREA' aparece en 2019 pero no en 2018,,
columna_nueva,graduados,2019,articles-401906_recurso.xlsx,ID NIVEL DE FORMACIÓN,Columna 'ID NIVEL DE FORMACIÓN' aparece en 2019 pero no en 2018,,
columna_nueva,graduados,2019,articles-401906_recurso.xlsx,ID CINE CODIGO DETALLADO,Columna 'ID CINE CODIGO DETALLADO' aparece en 2019 pero no en 2018,,
columna_eliminada,graduados,2019,articles-401906_recurso.xlsx,Nivel Académico,Columna 'Nivel Académico' existía en 2018 pero desapareció en 2019,,
columna_eliminada,graduados,2019,articles-401906_recurso.xlsx,Municipio de domicilio de la IES,Columna 'Municipio de domicilio de la IES' existía en 2018 pero desapareció en 2019,,
columna_eliminada,graduados,2019,articles-401906_recurso.xlsx,Código del municipio,Columna 'Código del municipio' existía en 2018 pero desapareció en 2019,,
columna_eliminada,graduados,2019,articles-401906_recurso.xlsx,Caracter IES,Columna 'Caracter IES' existía en 2018 pero desapareció en 2019,,
columna_eliminada,graduados,2019,articles-401906_recurso.xlsx,Departamento de domicilio de la IES,Columna 'Departamento de domicilio de la IES' existía en 2018 pero desapareció en 2019,,
columna_eliminada,graduados,2019,articles-401906_recurso.xlsx,Departamento de Oferta del Programa,Columna 'Departamento de Oferta del Programa' existía en 2018 pero desapareció en 2019,,
columna_eliminada,graduados,2019,articles-401906_recurso.xlsx,Institución de Educación Superior (IES),Columna 'Institución de Educación Superior (IES)' existía en 2018 pero desapareció en 2019,,
columna_eliminada,graduados,2019,articles-401906_recurso.xlsx,Código SNIES del programa,Columna 'Código SNIES del programa' existía en 2018 pero desapareció en 2019,,
columna_eliminada,graduados,2019,articles-401906_recurso.xlsx,Código del departamento (IES),Columna 'Código del departamento (IES)' existía en 2018 pero desapareció en 2019,,
columna_eliminada,graduados,2019,articles-401906_recurso.xlsx,ID Área,Columna 'ID Área' existía en 2018 pero desapareció en 2019,,
columna_eliminada,graduados,2019,articles-401906_recurso.xlsx,Sexo,Columna 'Sexo' existía en 2018 pero desapareció en 2019,,
columna_eliminada,graduados,2019,articles-401906_recurso.xlsx,Código del Municipio (Programa),Columna 'Código del Municipio (Programa)' existía en 2018 pero desapareció en 2019,,
columna_eliminada,graduados,2019,articles-401906_recurso.xlsx,Área de Conocimiento,Columna 'Área de Conocimiento' existía en 2018 pero desapareció en 2019,,
columna_eliminada,graduados,2019,articles-401906_recurso.xlsx,Sector IES,Columna 'Sector IES' existía en 2018 pero desapareció en 2019,,
columna_eliminada,graduados,2019,articles-401906_recurso.xlsx,Código del Departamento (Programa),Columna 'Código del Departamento (Programa)' existía en 2018 pero desapareció en 2019,,
columna_eliminada,graduados,2019,articles-401906_recurso.xlsx,Nivel de Formación,Columna 'Nivel de Formación' existía en 2018 pero desapareció en 2019,,
columna_eliminada,graduados,2019,articles-401906_recurso.xlsx,Municipio de Oferta del Programa,Columna 'Municipio de Oferta del Programa' existía en 2018 pero desapareció en 2019,,
columna_eliminada,graduados,2019,articles-401906_recurso.xlsx,ID Nivel de Formación,Columna 'ID Nivel de Formación' existía en 2018 pero desapareció en 2019,,
columna_eliminada,graduados,2019,articles-401906_recurso.xlsx,Código de la Institución,Columna 'Código de la Institución' existía en 2018 pero desapareció en 2019,,
columna_eliminada,graduados,2019,articles-401906_recurso.xlsx,ID Metodología,Columna 'ID Metodología' existía en 2018 pero desapareció en 2019,,
columna_eliminada,graduados,2019,articles-401906_recurso.xlsx,Programa Académico,Columna 'Programa Académico' existía en 2018 pero desapareció en 2019,,
columna_eliminada,graduados,2019,articles-401906_recurso.xlsx,ID Nivel Académico,Columna 'ID Nivel Académico' existía en 2018 pero desapareció en 2019,,
columna_eliminada,graduados,2019,articles-401906_recurso.xlsx,Metodología,Columna 'Metodología' existía en 2018 pero desapareció en 2019,,
columna_eliminada,graduados,2019,articles-401906_recurso.xlsx,ID Sexo,Columna 'ID Sexo' existía en 2018 pero desapareció en 2019,,
columna_eliminada,graduados,2019,articles-401906_recurso.xlsx,ID Caracter,Columna 'ID Caracter' existía en 2018 pero desapareció en 2019,,
columna_eliminada,graduados,2019,articles-401906_recurso.xlsx,ID Núcleo,Columna 'ID Núcleo' existía en 2018 pero desapareció en 2019,,
columna_eliminada,graduados,2019,articles-401906_recurso.xlsx,ID Sector IES,Columna 'ID Sector IES' existía en 2018 pero desapareció en 2019,,
columna_eliminada,graduados,2019,articles-401906_recurso.xlsx,Núcleo Básico del Conocimiento (NBC),Columna 'Núcleo Básico del Conocimiento (NBC)' existía en 2018 pero desapareció en 2019,,
columna_eliminada,graduados,2019,articles-401906_recurso.xlsx,Principal o Seccional,Columna 'Principal o Seccional' existía en 2018 pero desapareció en 2019,,
posible_renombre,graduados,2019,articles-401906_recurso.xlsx,,Posible renombre: 'Nivel Académico' → 'NIVEL ACADÉMICO',Nivel Académico,NIVEL ACADÉMICO
posible_renombre,graduados,2019,articles-401906_recurso.xlsx,,Posible renombre: 'Municipio de domicilio de la IES' → 'MUNICIPIO DE DOMICILIO DE LA IES',Municipio de domicilio de la IES,MUNICIPIO DE DOMICILIO DE LA IES
posible_renombre,graduados,2019,articles-401906_recurso.xlsx,,Posible renombre: 'Código del municipio' → 'CÓDIGO DEL MUNICIPIO',Código del municipio,CÓDIGO DEL MUNICIPIO
posible_renombre,graduados,2019,articles-401906_recurso.xlsx,,Posible renombre: 'Caracter IES' → 'CARACTER IES',Caracter IES,CARACTER IES
posible_renombre,graduados,2019,articles-401906_recurso.xlsx,,Posible renombre: 'Departamento de domicilio de la IES' → 'DEPARTAMENTO DE DOMICILIO DE LA IES',Departamento de domicilio de la IES,DEPARTAMENTO DE DOMICILIO DE LA IES
posible_renombre,graduados,2019,articles-401906_recurso.xlsx,,Posible renombre: 'Código SNIES del programa' → 'CÓDIGO SNIES DEL PROGRAMA',Código SNIES del programa,CÓDIGO SNIES DEL PROGRAMA
posible_renombre,graduados,2019,articles-401906_recurso.xlsx,,Posible renombre: 'Código del departamento (IES)' → 'CÓDIGO DEL DEPARTAMENTO (IES)',Código del departamento (IES),CÓDIGO DEL DEPARTAMENTO (IES)
posible_renombre,graduados,2019,articles-401906_recurso.xlsx,,Posible renombre: 'ID Área' → 'ID ÁREA',ID Área,ID ÁREA
posible_renombre,graduados,2019,articles-401906_recurso.xlsx,,Posible renombre: 'ID Sector IES' → 'ID SECTOR IES',ID Sector IES,ID SECTOR IES
posible_renombre,graduados,2019,articles-401906_recurso.xlsx,,Posible renombre: 'Área de Conocimiento' → 'ÁREA DE CONOCIMIENTO',Área de Conocimiento,ÁREA DE CONOCIMIENTO
posible_renombre,graduados,2019,articles-401906_recurso.xlsx,,Posible renombre: 'Nivel de Formación' → 'NIVEL DE FORMACIÓN',Nivel de Formación,NIVEL DE FORMACIÓN
posible_renombre,graduados,2019,articles-401906_recurso.xlsx,,Posible renombre: 'ID Nivel de Formación' → 'ID NIVEL DE FORMACIÓN',ID Nivel de Formación,ID NIVEL DE FORMACIÓN
posible_renombre,graduados,2019,articles-401906_recurso.xlsx,,Posible renombre: 'Código de la Institución' → 'CÓDIGO DE LA INSTITUCIÓN',Código de la Institución,CÓDIGO DE LA INSTITUCIÓN
posible_renombre,graduados,2019,articles-401906_recurso.xlsx,,Posible renombre: 'ID Metodología' → 'ID METODOLOGÍA',ID Metodología,ID METODOLOGÍA
posible_renombre,graduados,2019,articles-401906_recurso.xlsx,,Posible renombre: 'Programa Académico' → 'PROGRAMA ACADÉMICO',Programa Académico,PROGRAMA ACADÉMICO
posible_renombre,graduados,2019,articles-401906_recurso.xlsx,,Posible renombre: 'ID Nivel Académico' → 'ID NIVEL ACADÉMICO',ID Nivel Académico,ID NIVEL ACADÉMICO
posible_renombre,graduados,2019,articles-401906_recurso.xlsx,,Posible renombre: 'Metodología' → 'METODOLOGÍA',Metodología,METODOLOGÍA
posible_renombre,graduados,2019,articles-401906_recurso.xlsx,,Posible renombre: 'Núcleo Básico del Conocimiento (NBC)' → 'NÚCLEO BÁSICO DEL CONOCIMIENTO (NBC)',Núcleo Básico del Conocimiento (NBC),NÚCLEO BÁSICO DEL CONOCIMIENTO (NBC)
posible_renombre,graduados,2019,articles-401906_recurso.xlsx,,Posible renombre: 'ID Caracter' → 'ID CARACTER',ID Caracter,ID CARACTER
posible_renombre,graduados,2019,articles-401906_recurso.xlsx,,Posible renombre: 'ID Núcleo' → 'ID NÚCLEO',ID Núcleo,ID NÚCLEO
posible_renombre,graduados,2019,articles-401906_recurso.xlsx,,Posible renombre: 'Sector IES' → 'SECTOR IES',Sector IES,SECTOR IES
posible_renombre,graduados,2019,articles-401906_recurso.xlsx,,Posible renombre: 'Institución de Educación Superior (IES)' → 'INSTITUCIÓN DE EDUCACIÓN SUPERIOR (IES)',Institución de Educación Superior (IES),INSTITUCIÓN DE EDUCACIÓN SUPERIOR (IES)
posible_renombre,graduados,2019,articles-401906_recurso.xlsx,,Posible renombre: 'Principal o Seccional' → 'PRINCIPAL O SECCIONAL',Principal o Seccional,PRINCIPAL O SECCIONAL
columna_nueva,graduados,2020,articles-408968_recurso.xlsx,CÓDIGO DEL MUNICIPIO (IES),Columna 'CÓDIGO DEL MUNICIPIO (IES)' aparece en 2020 pero no en 2019,,
columna_nueva,graduados,2020,articles-408968_recurso.xlsx,CINE CAMPO AMPLIO,Columna 'CINE CAMPO AMPLIO' aparece en 2020 pero no en 2019,,
columna_nueva,graduados,2020,articles-408968_recurso.xlsx,ID CINE CAMPO AMPLIO	DESC,Columna 'ID CINE CAMPO AMPLIO	DESC' aparece en 2020 pero no en 2019,,
columna_eliminada,graduados,2020,articles-408968_recurso.xlsx,CÓDIGO DEL MUNICIPIO,Columna 'CÓDIGO DEL MUNICIPIO' existía en 2019 pero desapareció en 2020,,
columna_eliminada,graduados,2020,articles-408968_recurso.xlsx,ID CINE CAMPO AMPLIO,Columna 'ID CINE CAMPO AMPLIO' existía en 2019 pero desapareció en 2020,,
columna_eliminada,graduados,2020,articles-408968_recurso.xlsx,DESC CINE CAMPO AMPLIO,Columna 'DESC CINE CAMPO AMPLIO' existía en 2019 pero desapareció en 2020,,
columna_nueva,graduados,2021,articles-411250_recurso.xlsx,IES ACREDITADA,Columna 'IES ACREDITADA' aparece en 2021 pero no en 2020,,
columna_nueva,graduados,2021,articles-411250_recurso.xlsx,ID CINE CAMPO AMPLIO,Columna 'ID CINE CAMPO AMPLIO' aparece en 2021 pero no en 2020,,
columna_nueva,graduados,2021,articles-411250_recurso.xlsx,PROGRAMA ACREDITADO,Columna 'PROGRAMA ACREDITADO' aparece en 2021 pero no en 2020,,
columna_nueva,graduados,2021,articles-411250_recurso.xlsx,ID ÁREA DE CONOCIMIENTO,Columna 'ID ÁREA DE CONOCIMIENTO' aparece en 2021 pero no en 2020,,
columna_nueva,graduados,2021,articles-411250_recurso.xlsx,DESC CINE CAMPO AMPLIO,Columna 'DESC CINE CAMPO AMPLIO' aparece en 2021 pero no en 2020,,
columna_eliminada,graduados,2021,articles-411250_recurso.xlsx,ID CINE CAMPO AMPLIO	DESC,Columna 'ID CINE CAMPO AMPLIO	DESC' existía en 2020 pero desapareció en 2021,,
columna_eliminada,graduados,2021,articles-411250_recurso.xlsx,DESC CINE CODIGO DETALLADO,Columna 'DESC CINE CODIGO DETALLADO' existía en 2020 pero desapareció en 2021,,
columna_eliminada,graduados,2021,articles-411250_recurso.xlsx,ID ÁREA,Columna 'ID ÁREA' existía en 2020 pero desapareció en 2021,,
columna_eliminada,graduados,2021,articles-411250_recurso.xlsx,CINE CAMPO AMPLIO,Columna 'CINE CAMPO AMPLIO' existía en 2020 pero desapareció en 2021,,
columna_eliminada,graduados,2021,articles-411250_recurso.xlsx,ID CINE CODIGO DETALLADO,Columna 'ID CINE CODIGO DETALLADO' existía en 2020 pero desapareció en 2021,,
columna_nueva,graduados,2022,articles-416247_recurso.xlsx,ID ÁREA,Columna 'ID ÁREA' aparece en 2022 pero no en 2021,,
columna_nueva,graduados,2022,articles-416247_recurso.xlsx,CINE CAMPO AMPLIO,Columna 'CINE CAMPO AMPLIO' aparece en 2022 pero no en 2021,,
columna_nueva,graduados,2022,articles-416247_recurso.xlsx,ID CINE CAMPO AMPLIO	DESC,Columna 'ID CINE CAMPO AMPLIO	DESC' aparece en 2022 pero no en 2021,,
columna_eliminada,graduados,2022,articles-416247_recurso.xlsx,ID CINE CAMPO AMPLIO,Columna 'ID CINE CAMPO AMPLIO' existía en 2021 pero desapareció en 2022,,
columna_eliminada,graduados,2022,articles-416247_recurso.xlsx,ID ÁREA DE CONOCIMIENTO,Columna 'ID ÁREA DE CONOCIMIENTO' existía en 2021 pero desapareció en 2022,,
columna_eliminada,graduados,2022,articles-416247_recurso.xlsx,DESC CINE CAMPO AMPLIO,Columna 'DESC CINE CAMPO AMPLIO' existía en 2021 pero desapareció en 2022,,
columna_nueva,graduados,2023,articles-421535_recurso.xlsx,ID CINE CAMPO AMPLIO,Columna 'ID CINE CAMPO AMPLIO' aparece en 2023 pero no en 2022,,
columna_nueva,graduados,2023,articles-421535_recurso.xlsx,TIPO IES,Columna 'TIPO IES' aparece en 2023 pero no en 2022,,
columna_nueva,graduados,2023,articles-421535_recurso.xlsx,CARÁCTER IES,Columna 'CARÁCTER IES' aparece en 2023 pero no en 2022,,
columna_nueva,graduados,2023,articles-421535_recurso.xlsx,ID MODALIDAD,Columna 'ID MODALIDAD' aparece en 2023 pero no en 2022,,
columna_nueva,graduados,2023,articles-421535_recurso.xlsx,MODALIDAD,Columna 'MODALIDAD' aparece en 2023 pero no en 2022,,
columna_nueva,graduados,2023,articles-421535_recurso.xlsx,IES PADRE,Columna 'IES PADRE' aparece en 2023 pero no en 2022,,
columna_nueva,graduados,2023,articles-421535_recurso.xlsx,CÓDIGO DEL MUNICIPIO IES,Columna 'CÓDIGO DEL MUNICIPIO IES' aparece en 2023 pero no en 2022,,
columna_nueva,graduados,2023,articles-421535_recurso.xlsx,ID CARÁCTER IES,Columna 'ID CARÁCTER IES' aparece en 2023 pero no en 2022,,
columna_nueva,graduados,2023,articles-421535_recurso.xlsx,DESC CINE CAMPO AMPLIO,Columna 'DESC CINE CAMPO AMPLIO' aparece en 2023 pero no en 2022,,
columna_eliminada,graduados,2023,articles-421535_recurso.xlsx,ID CINE CAMPO AMPLIO	DESC,Columna 'ID CINE CAMPO AMPLIO	DESC' existía en 2022 pero desapareció en 2023,,
columna_eliminada,graduados,2023,articles-421535_recurso.xlsx,CÓDIGO DEL MUNICIPIO (IES),Columna 'CÓDIGO DEL MUNICIPIO (IES)' existía en 2022 pero desapareció en 2023,,
columna_eliminada,graduados,2023,articles-421535_recurso.xlsx,IES_PADRE,Columna 'IES_PADRE' existía en 2022 pero desapareció en 2023,,
columna_eliminada,graduados,2023,articles-421535_recurso.xlsx,ID METODOLOGÍA,Columna 'ID METODOLOGÍA' existía en 2022 pero desapareció en 2023,,
columna_eliminada,graduados,2023,articles-421535_recurso.xlsx,METODOLOGÍA,Columna 'METODOLOGÍA' existía en 2022 pero desapareció en 2023,,
columna_eliminada,graduados,2023,articles-421535_recurso.xlsx,CINE CAMPO AMPLIO,Columna 'CINE CAMPO AMPLIO' existía en 2022 pero desapareció en 2023,,
columna_eliminada,graduados,2023,articles-421535_recurso.xlsx,ID CARACTER,Columna 'ID CARACTER' existía en 2022 pero desapareció en 2023,,
columna_eliminada,graduados,2023,articles-421535_recurso.xlsx,PRINCIPAL O SECCIONAL,Columna 'PRINCIPAL O SECCIONAL' existía en 2022 pero desapareció en 2023,,
columna_eliminada,graduados,2023,articles-421535_recurso.xlsx,CARACTER IES,Columna 'CARACTER IES' existía en 2022 pero desapareció en 2023,,
posible_renombre,graduados,2023,articles-421535_recurso.xlsx,,Posible renombre: 'IES_PADRE' → 'IES PADRE',IES_PADRE,IES PADRE
columna_nueva,docentes,2014,articles-391586_recurso.xlsx,Id Género,Columna 'Id Género' aparece en 2014 pero no en 2007,,
columna_nueva,docentes,2014,articles-391586_recurso.xlsx,Código de  la Institución,Columna 'Código de  la Institución' aparece en 2014 pero no en 2007,,
columna_nueva,docentes,2014,articles-391586_recurso.xlsx,No. de Docentes,Columna 'No. de Docentes' aparece en 2014 pero no en 2007,,
columna_nueva,docentes,2014,articles-391586_recurso.xlsx,Semestre,Columna 'Semestre' aparece en 2014 pero no en 2007,,
columna_nueva,docentes,2014,articles-391586_recurso.xlsx,Principal  o Seccional,Columna 'Principal  o Seccional' aparece en 2014 pero no en 2007,,
columna_nueva,docentes,2014,articles-391586_recurso.xlsx,Código del  Municipio (IES),Columna 'Código del  Municipio (IES)' aparece en 2014 pero no en 2007,,
columna_nueva,docentes,2014,articles-391586_recurso.xlsx,Departamento de  domicilio de la IES,Columna 'Departamento de  domicilio de la IES' aparece en 2014 pero no en 2007,,
columna_nueva,docentes,2014,articles-391586_recurso.xlsx,Id Maximo_Nivel,Columna 'Id Maximo_Nivel' aparece en 2014 pero no en 2007,,
columna_nueva,docentes,2014,articles-391586_recurso.xlsx,Id Dedicación,Columna 'Id Dedicación' aparece en 2014 pero no en 2007,,
columna_nueva,docentes,2014,articles-391586_recurso.xlsx,Municipio de domicilio de la IES,Columna 'Municipio de domicilio de la IES' aparece en 2014 pero no en 2007,,
columna_nueva,docentes,2014,articles-391586_recurso.xlsx,IES PADRE,Columna 'IES PADRE' aparece en 2014 pero no en 2007,,
columna_nueva,docentes,2014,articles-391586_recurso.xlsx,Caracter IES,Columna 'Caracter IES' aparece en 2014 pero no en 2007,,
columna_nueva,docentes,2014,articles-391586_recurso.xlsx,Id Sector IES,Columna 'Id Sector IES' aparece en 2014 pero no en 2007,,
columna_nueva,docentes,2014,articles-391586_recurso.xlsx,Id Caracter IES,Columna 'Id Caracter IES' aparece en 2014 pero no en 2007,,
columna_nueva,docentes,2014,articles-391586_recurso.xlsx,Id Tipo_Contrato,Columna 'Id Tipo_Contrato' aparece en 2014 pero no en 2007,,
columna_nueva,docentes,2014,articles-391586_recurso.xlsx,AÑO,Columna 'AÑO' aparece en 2014 pero no en 2007,,
columna_nueva,docentes,2014,articles-391586_recurso.xlsx,Código del  departamento (IES),Columna 'Código del  departamento (IES)' aparece en 2014 pero no en 2007,,
columna_eliminada,docentes,2014,articles-391586_recurso.xlsx,2009-2,Columna '2009-2' existía en 2007 pero desapareció en 2014,,
columna_eliminada,docentes,2014,articles-391586_recurso.xlsx,2013-2*,Columna '2013-2*' existía en 2007 pero desapareció en 2014,,
columna_eliminada,docentes,2014,articles-391586_recurso.xlsx,2012-2,Columna '2012-2' existía en 2007 pero desapareció en 2014,,
columna_eliminada,docentes,2014,articles-391586_recurso.xlsx,2012-1,Columna '2012-1' existía en 2007 pero desapareció en 2014,,
columna_eliminada,docentes,2014,articles-391586_recurso.xlsx,Principal  o seccional,Columna 'Principal  o seccional' existía en 2007 pero desapareció en 2014,,
columna_eliminada,docentes,2014,articles-391586_recurso.xlsx,2009-1,Columna '2009-1' existía en 2007 pero desapareció en 2014,,
columna_eliminada,docentes,2014,articles-391586_recurso.xlsx,Capital o municipio,Columna 'Capital o municipio' existía en 2007 pero desapareció en 2014,,
columna_eliminada,docentes,2014,articles-391586_recurso.xlsx,Municipio de Domicilio de la IES,Columna 'Municipio de Domicilio de la IES' existía en 2007 pero desapareció en 2014,,
columna_eliminada,docentes,2014,articles-391586_recurso.xlsx,2008-1,Columna '2008-1' existía en 2007 pero desapareció en 2014,,
columna_eliminada,docentes,2014,articles-391586_recurso.xlsx,2007-2,Columna '2007-2' existía en 2007 pero desapareció en 2014,,
columna_eliminada,docentes,2014,articles-391586_recurso.xlsx,2011-2,Columna '2011-2' existía en 2007 pero desapareció en 2014,,
columna_eliminada,docentes,2014,articles-391586_recurso.xlsx,2010-1,Columna '2010-1' existía en 2007 pero desapareció en 2014,,
columna_eliminada,docentes,2014,articles-391586_recurso.xlsx,Código del Departamento,Columna 'Código del Departamento' existía en 2007 pero desapareció en 2014,,
columna_eliminada,docentes,2014,articles-391586_recurso.xlsx,2010-2,Columna '2010-2' existía en 2007 pero desapareció en 2014,,
columna_eliminada,docentes,2014,articles-391586_recurso.xlsx,Departamento de Domicilio de la IES,Columna 'Departamento de Domicilio de la IES' existía en 2007 pero desapareció en 2014,,
columna_eliminada,docentes,2014,articles-391586_recurso.xlsx,2013-1*,Columna '2013-1*' existía en 2007 pero desapareció en 2014,,
columna_eliminada,docentes,2014,articles-391586_recurso.xlsx,Código de la Institución,Columna 'Código de la Institución' existía en 2007 pero desapareció en 2014,,
columna_eliminada,docentes,2014,articles-391586_recurso.xlsx,Carácter IES,Columna 'Carácter IES' existía en 2007 pero desapareció en 2014,,
columna_eliminada,docentes,2014,articles-391586_recurso.xlsx,2008-2,Columna '2008-2' existía en 2007 pero desapareció en 2014,,
columna_eliminada,docentes,2014,articles-391586_recurso.xlsx,2011-1,Columna '2011-1' existía en 2007 pero desapareció en 2014,,
columna_eliminada,docentes,2014,articles-391586_recurso.xlsx,Código del Municipio,Columna 'Código del Municipio' existía en 2007 pero desapareció en 2014,,
columna_eliminada,docentes,2014,articles-391586_recurso.xlsx,2007-1,Columna '2007-1' existía en 2007 pero desapareció en 2014,,
posible_renombre,docentes,2014,articles-391586_recurso.xlsx,,Posible renombre: 'Principal  o seccional' → 'Principal  o Seccional',Principal  o seccional,Principal  o Seccional
posible_renombre,docentes,2014,articles-391586_recurso.xlsx,,Posible renombre: 'Municipio de Domicilio de la IES' → 'Municipio de domicilio de la IES',Municipio de Domicilio de la IES,Municipio de domicilio de la IES
posible_renombre,docentes,2014,articles-391586_recurso.xlsx,,Posible renombre: 'Departamento de Domicilio de la IES' → 'Departamento de  domicilio de la IES',Departamento de Domicilio de la IES,Departamento de  domicilio de la IES
posible_renombre,docentes,2014,articles-391586_recurso.xlsx,,Posible renombre: 'Código de la Institución' → 'Código de  la Institución',Código de la Institución,Código de  la Institución
columna_nueva,docentes,2016,articles-391584_recurso.xlsx,Sexo del Docente,Columna 'Sexo del Docente' aparece en 2016 pero no en 2015,,
columna_nueva,docentes,2016,articles-391584_recurso.xlsx,ID Tiempo de dedicación,Columna 'ID Tiempo de dedicación' aparece en 2016 pero no en 2015,,
columna_nueva,docentes,2016,articles-391584_recurso.xlsx,ID Sexo,Columna 'ID Sexo' aparece en 2016 pero no en 2015,,
columna_nueva,docentes,2016,articles-391584_recurso.xlsx,ID Tipo de contrato,Columna 'ID Tipo de contrato' aparece en 2016 pero no en 2015,,
columna_nueva,docentes,2016,articles-391584_recurso.xlsx,ID Máximo nivel de formación del docente,Columna 'ID Máximo nivel de formación del docente' aparece en 2016 pero no en 2015,,
columna_nueva,docentes,2016,articles-391584_recurso.xlsx,ID Caracter,Columna 'ID Caracter' aparece en 2016 pero no en 2015,,
columna_nueva,docentes,2016,articles-391584_recurso.xlsx,ID Sector IES,Columna 'ID Sector IES' aparece en 2016 pero no en 2015,,
columna_eliminada,docentes,2016,articles-391584_recurso.xlsx,Género del Docente,Columna 'Género del Docente' existía en 2015 pero desapareció en 2016,,
columna_eliminada,docentes,2016,articles-391584_recurso.xlsx,Id Género,Columna 'Id Género' existía en 2015 pero desapareció en 2016,,
columna_eliminada,docentes,2016,articles-391584_recurso.xlsx,Id Maximo_Nivel,Columna 'Id Maximo_Nivel' existía en 2015 pero desapareció en 2016,,
columna_eliminada,docentes,2016,articles-391584_recurso.xlsx,Id Dedicación,Columna 'Id Dedicación' existía en 2015 pero desapareció en 2016,,
columna_eliminada,docentes,2016,articles-391584_recurso.xlsx,Id Sector IES,Columna 'Id Sector IES' existía en 2015 pero desapareció en 2016,,
columna_eliminada,docentes,2016,articles-391584_recurso.xlsx,Id Caracter IES,Columna 'Id Caracter IES' existía en 2015 pero desapareció en 2016,,
columna_eliminada,docentes,2016,articles-391584_recurso.xlsx,Id Tipo_Contrato,Columna 'Id Tipo_Contrato' existía en 2015 pero desapareció en 2016,,
columna_eliminada,docentes,2016,articles-391584_recurso.xlsx,Tipo de documento,Columna 'Tipo de documento' existía en 2015 pero desapareció en 2016,,
posible_renombre,docentes,2016,articles-391584_recurso.xlsx,,Posible renombre: 'Id Sector IES' → 'ID Sector IES',Id Sector IES,ID Sector IES
columna_nueva,docentes,2022,articles-416249_recurso.xlsx,NIVEL CINE,Columna 'NIVEL CINE' aparece en 2022 pero no en 2021,,
columna_nueva,docentes,2022,articles-416249_recurso.xlsx,Año,Columna 'Año' aparece en 2022 pero no en 2021,,
columna_eliminada,docentes,2022,articles-416249_recurso.xlsx,AÑO,Columna 'AÑO' existía en 2021 pero desapareció en 2022,,
posible_renombre,docentes,2022,articles-416249_recurso.xlsx,,Posible renombre: 'AÑO' → 'Año',AÑO,Año
columna_nueva,docentes,2023,articles-421822_recurso.xlsx,SECTOR IES,Columna 'SECTOR IES' aparece en 2023 pero no en 2022,,
columna_nueva,docentes,2023,articles-421822_recurso.xlsx,CARÁCTER IES,Columna 'CARÁCTER IES' aparece en 2023 pero no en 2022,,
columna_nueva,docentes,2023,articles-421822_recurso.xlsx,SEXO DEL DOCENTE,Columna 'SEXO DEL DOCENTE' aparece en 2023 pero no en 2022,,
columna_nueva,docentes,2023,articles-421822_recurso.xlsx,TIPO DE CONTRATO,Columna 'TIPO DE CONTRATO' aparece en 2023 pero no en 2022,,
columna_nueva,docentes,2023,articles-421822_recurso.xlsx,MÁXIMO NIVEL DE FORMACIÓN DEL DOCENTE,Columna 'MÁXIMO NIVEL DE FORMACIÓN DEL DOCENTE' aparece en 2023 pero no en 2022,,
columna_nueva,docentes,2023,articles-421822_recurso.xlsx,TIPO IES,Columna 'TIPO IES' aparece en 2023 pero no en 2022,,
columna_nueva,docentes,2023,articles-421822_recurso.xlsx,DOCENTES,Columna 'DOCENTES' aparece en 2023 pero no en 2022,,
columna_nueva,docentes,2023,articles-421822_recurso.xlsx,CÓDIGO DE LA INSTITUCIÓN,Columna 'CÓDIGO DE LA INSTITUCIÓN' aparece en 2023 pero no en 2022,,
columna_nueva,docentes,2023,articles-421822_recurso.xlsx,ID SEXO,Columna 'ID SEXO' aparece en 2023 pero no en 2022,,
columna_nueva,docentes,2023,articles-421822_recurso.xlsx,ID TIPO DE CONTRATO,Columna 'ID TIPO DE CONTRATO' aparece en 2023 pero no en 2022,,
columna_nueva,docentes,2023,articles-421822_recurso.xlsx,CÓDIGO DEL DEPARTAMENTO (IES),Columna 'CÓDIGO DEL DEPARTAMENTO (IES)' aparece en 2023 pero no en 2022,,
columna_nueva,docentes,2023,articles-421822_recurso.xlsx,AÑO,Columna 'AÑO' aparece en 2023 pero no en 2022,,
columna_nueva,docentes,2023,articles-421822_recurso.xlsx,MUNICIPIO DE DOMICILIO DE LA IES,Columna 'MUNICIPIO DE DOMICILIO DE LA IES' aparece en 2023 pero no en 2022,,
columna_nueva,docentes,2023,articles-421822_recurso.xlsx,DEPARTAMENTO DE DOMICILIO DE LA IES,Columna 'DEPARTAMENTO DE DOMICILIO DE LA IES' aparece en 2023 pero no en 2022,,
columna_nueva,docentes,2023,articles-421822_recurso.xlsx,ID SECTOR IES,Columna 'ID SECTOR IES' aparece en 2023 pero no en 2022,,
columna_nueva,docentes,2023,articles-421822_recurso.xlsx,INSTITUCIÓN DE EDUCACIÓN SUPERIOR (IES),Columna 'INSTITUCIÓN DE EDUCACIÓN SUPERIOR (IES)' aparece en 2023 pero no en 2022,,
columna_nueva,docentes,2023,articles-421822_recurso.xlsx,IES ACREDITADA,Columna 'IES ACREDITADA' aparece en 2023 pero no en 2022,,
columna_nueva,docentes,2023,articles-421822_recurso.xlsx,TIEMPO DE DEDICACIÓN DEL DOCENTE,Columna 'TIEMPO DE DEDICACIÓN DEL DOCENTE' aparece en 2023 pero no en 2022,,
columna_nueva,docentes,2023,articles-421822_recurso.xlsx,ID TIEMPO DE DEDICACIÓN,Columna 'ID TIEMPO DE DEDICACIÓN' aparece en 2023 pero no en 2022,,
columna_nueva,docentes,2023,articles-421822_recurso.xlsx,SEMESTRE,Columna 'SEMESTRE' aparece en 2023 pero no en 2022,,
columna_nueva,docentes,2023,articles-421822_recurso.xlsx,CÓDIGO DEL MUNICIPIO IES,Columna 'CÓDIGO DEL MUNICIPIO IES' aparece en 2023 pero no en 2022,,
columna_nueva,docentes,2023,articles-421822_recurso.xlsx,ID MÁXIMO NIVEL DE FORMACIÓN DEL DOCENTE,Columna 'ID MÁXIMO NIVEL DE FORMACIÓN DEL DOCENTE' aparece en 2023 pero no en 2022,,
columna_nueva,docentes,2023,articles-421822_recurso.xlsx,ID CARÁCTER IES,Columna 'ID CARÁCTER IES' aparece en 2023 pero no en 2022,,
columna_eliminada,docentes,2023,articles-421822_recurso.xlsx,ID Tipo de contrato,Columna 'ID Tipo de contrato' existía en 2022 pero desapareció en 2023,,
columna_eliminada,docentes,2023,articles-421822_recurso.xlsx,Municipio de domicilio de la IES,Columna 'Municipio de domicilio de la IES' existía en 2022 pero desapareció en 2023,,
columna_eliminada,docentes,2023,articles-421822_recurso.xlsx,Año,Columna 'Año' existía en 2022 pero desapareció en 2023,,
columna_eliminada,docentes,2023,articles-421822_recurso.xlsx,Caracter IES,Columna 'Caracter IES' existía en 2022 pero desapareció en 2023,,
columna_eliminada,docentes,2023,articles-421822_recurso.xlsx,Código de  la Institución,Columna 'Código de  la Institución' existía en 2022 pero desapareció en 2023,,
columna_eliminada,docentes,2023,articles-421822_recurso.xlsx,Tipo de contrato del Docente,Columna 'Tipo de contrato del Docente' existía en 2022 pero desapareció en 2023,,
columna_eliminada,docentes,2023,articles-421822_recurso.xlsx,No. de Docentes,Columna 'No. de Docentes' existía en 2022 pero desapareció en 2023,,
columna_eliminada,docentes,2023,articles-421822_recurso.xlsx,ID Tiempo de dedicación,Columna 'ID Tiempo de dedicación' existía en 2022 pero desapareció en 2023,,
columna_eliminada,docentes,2023,articles-421822_recurso.xlsx,Departamento de  domicilio de la IES,Columna 'Departamento de  domicilio de la IES' existía en 2022 pero desapareció en 2023,,
columna_eliminada,docentes,2023,articles-421822_recurso.xlsx,ID Máximo nivel de formación del docente,Columna 'ID Máximo nivel de formación del docente' existía en 2022 pero desapareció en 2023,,
columna_eliminada,docentes,2023,articles-421822_recurso.xlsx,Máximo nivel  de formación del docente,Columna 'Máximo nivel  de formación del docente' existía en 2022 pero desapareció en 2023,,
columna_eliminada,docentes,2023,articles-421822_recurso.xlsx,Sector IES,Columna 'Sector IES' existía en 2022 pero desapareció en 2023,,
columna_eliminada,docentes,2023,articles-421822_recurso.xlsx,Sexo del Docente,Columna 'Sexo del Docente' existía en 2022 pero desapareció en 2023,,
columna_eliminada,docentes,2023,articles-421822_recurso.xlsx,NIVEL CINE,Columna 'NIVEL CINE' existía en 2022 pero desapareció en 2023,,
columna_eliminada,docentes,2023,articles-421822_recurso.xlsx,Semestre,Columna 'Semestre' existía en 2022 pero desapareció en 2023,,
columna_eliminada,docentes,2023,articles-421822_recurso.xlsx,Principal  o Seccional,Columna 'Principal  o Seccional' existía en 2022 pero desapareció en 2023,,
columna_eliminada,docentes,2023,articles-421822_recurso.xlsx,Tiempo de dedicación del Docente,Columna 'Tiempo de dedicación del Docente' existía en 2022 pero desapareció en 2023,,
columna_eliminada,docentes,2023,articles-421822_recurso.xlsx,Código del  departamento (IES),Columna 'Código del  departamento (IES)' existía en 2022 pero desapareció en 2023,,
columna_eliminada,docentes,2023,articles-421822_recurso.xlsx,Código del  Municipio (IES),Columna 'Código del  Municipio (IES)' existía en 2022 pero desapareció en 2023,,
columna_eliminada,docentes,2023,articles-421822_recurso.xlsx,ID Sexo,Columna 'ID Sexo' existía en 2022 pero desapareció en 2023,,
columna_eliminada,docentes,2023,articles-421822_recurso.xlsx,ID Caracter,Columna 'ID Caracter' existía en 2022 pero desapareció en 2023,,
columna_eliminada,docentes,2023,articles-421822_recurso.xlsx,ID Sector IES,Columna 'ID Sector IES' existía en 2022 pero desapareció en 2023,,
columna_eliminada,docentes,2023,articles-421822_recurso.xlsx,Institución de Educación Superior (IES),Columna 'Institución de Educación Superior (IES)' existía en 2022 pero desapareció en 2023,,
posible_renombre,docentes,2023,articles-421822_recurso.xlsx,,Posible renombre: 'ID Tipo de contrato' → 'ID TIPO DE CONTRATO',ID Tipo de contrato,ID TIPO DE CONTRATO
posible_renombre,docentes,2023,articles-421822_recurso.xlsx,,Posible renombre: 'Municipio de domicilio de la IES' → 'MUNICIPIO DE DOMICILIO DE LA IES',Municipio de domicilio de la IES,MUNICIPIO DE DOMICILIO DE LA IES
posible_renombre,docentes,2023,articles-421822_recurso.xlsx,,Posible renombre: 'Año' → 'AÑO',Año,AÑO
posible_renombre,docentes,2023,articles-421822_recurso.xlsx,,Posible renombre: 'Código de  la Institución' → 'CÓDIGO DE LA INSTITUCIÓN',Código de  la Institución,CÓDIGO DE LA INSTITUCIÓN
posible_renombre,docentes,2023,articles-421822_recurso.xlsx,,Posible renombre: 'ID Tiempo de dedicación' → 'ID TIEMPO DE DEDICACIÓN',ID Tiempo de dedicación,ID TIEMPO DE DEDICACIÓN
posible_renombre,docentes,2023,articles-421822_recurso.xlsx,,Posible renombre: 'Departamento de  domicilio de la IES' → 'DEPARTAMENTO DE DOMICILIO DE LA IES',Departamento de  domicilio de la IES,DEPARTAMENTO DE DOMICILIO DE LA IES
posible_renombre,docentes,2023,articles-421822_recurso.xlsx,,Posible renombre: 'ID Máximo nivel de formación del docente' → 'ID MÁXIMO NIVEL DE FORMACIÓN DEL DOCENTE',ID Máximo nivel de formación del docente,ID MÁXIMO NIVEL DE FORMACIÓN DEL DOCENTE
posible_renombre,docentes,2023,articles-421822_recurso.xlsx,,Posible renombre: 'ID Sector IES' → 'ID SECTOR IES',ID Sector IES,ID SECTOR IES
posible_renombre,docentes,2023,articles-421822_recurso.xlsx,,Posible renombre: 'Máximo nivel  de formación del docente' → 'MÁXIMO NIVEL DE FORMACIÓN DEL DOCENTE',Máximo nivel  de formación del docente,MÁXIMO NIVEL DE FORMACIÓN DEL DOCENTE
posible_renombre,docentes,2023,articles-421822_recurso.xlsx,,Posible renombre: 'Sexo del Docente' → 'SEXO DEL DOCENTE',Sexo del Docente,SEXO DEL DOCENTE
posible_renombre,docentes,2023,articles-421822_recurso.xlsx,,Posible renombre: 'Semestre' → 'SEMESTRE',Semestre,SEMESTRE
posible_renombre,docentes,2023,articles-421822_recurso.xlsx,,Posible renombre: 'Tiempo de dedicación del Docente' → 'TIEMPO DE DEDICACIÓN DEL DOCENTE',Tiempo de dedicación del Docente,TIEMPO DE DEDICACIÓN DEL DOCENTE
posible_renombre,docentes,2023,articles-421822_recurso.xlsx,,Posible renombre: 'Código del  departamento (IES)' → 'CÓDIGO DEL DEPARTAMENTO (IES)',Código del  departamento (IES),CÓDIGO DEL DEPARTAMENTO (IES)
posible_renombre,docentes,2023,articles-421822_recurso.xlsx,,Posible renombre: 'ID Sexo' → 'ID SEXO',ID Sexo,ID SEXO
posible_renombre,docentes,2023,articles-421822_recurso.xlsx,,Posible renombre: 'Sector IES' → 'SECTOR IES',Sector IES,SECTOR IES
posible_renombre,docentes,2023,articles-421822_recurso.xlsx,,Posible renombre: 'Institución de Educación Superior (IES)' → 'INSTITUCIÓN DE EDUCACIÓN SUPERIOR (IES)',Institución de Educación Superior (IES),INSTITUCIÓN DE EDUCACIÓN SUPERIOR (IES)
columna_nueva,administrativos,2014,articles-391592_recurso.xlsx,Directivo,Columna 'Directivo' aparece en 2014 pero no en 2003,,
columna_nueva,administrativos,2014,articles-391592_recurso.xlsx,Auxiliar,Columna 'Auxiliar' aparece en 2014 pero no en 2003,,
columna_nueva,administrativos,2014,articles-391592_recurso.xlsx,Semestre,Columna 'Semestre' aparece en 2014 pero no en 2003,,
columna_nueva,administrativos,2014,articles-391592_recurso.xlsx,Profesional,Columna 'Profesional' aparece en 2014 pero no en 2003,,
columna_nueva,administrativos,2014,articles-391592_recurso.xlsx,IES PADRE,Columna 'IES PADRE' aparece en 2014 pero no en 2003,,
columna_nueva,administrativos,2014,articles-391592_recurso.xlsx,Servicios,Columna 'Servicios' aparece en 2014 pero no en 2003,,
columna_nueva,administrativos,2014,articles-391592_recurso.xlsx,Año,Columna 'Año' aparece en 2014 pero no en 2003,,
columna_nueva,administrativos,2014,articles-391592_recurso.xlsx,Caracter IES,Columna 'Caracter IES' aparece en 2014 pero no en 2003,,
columna_nueva,administrativos,2014,articles-391592_recurso.xlsx,Id Sector IES,Columna 'Id Sector IES' aparece en 2014 pero no en 2003,,
columna_nueva,administrativos,2014,articles-391592_recurso.xlsx,Id Caracter IES,Columna 'Id Caracter IES' aparece en 2014 pero no en 2003,,
columna_nueva,administrativos,2014,articles-391592_recurso.xlsx,Total,Columna 'Total' aparece en 2014 pero no en 2003,,
columna_eliminada,administrativos,2014,articles-391592_recurso.xlsx,Profesional 2003-2,Columna 'Profesional 2003-2' existía en 2003 pero desapareció en 2014,,
columna_eliminada,administrativos,2014,articles-391592_recurso.xlsx,Directivo 2003-2,Columna 'Directivo 2003-2' existía en 2003 pero desapareció en 2014,,
columna_eliminada,administrativos,2014,articles-391592_recurso.xlsx,Directivo 2004-1,Columna 'Directivo 2004-1' existía en 2003 pero desapareció en 2014,,
columna_eliminada,administrativos,2014,articles-391592_recurso.xlsx,Servicios 2004-2,Columna 'Servicios 2004-2' existía en 2003 pero desapareció en 2014,,
columna_eliminada,administrativos,2014,articles-391592_recurso.xlsx,Auxiliar 2005-1,Columna 'Auxiliar 2005-1' existía en 2003 pero desapareció en 2014,,
columna_eliminada,administrativos,2014,articles-391592_recurso.xlsx,Total 2003-1,Columna 'Total 2003-1' existía en 2003 pero desapareció en 2014,,
columna_eliminada,administrativos,2014,articles-391592_recurso.xlsx,Directivo 2004-2,Columna 'Directivo 2004-2' existía en 2003 pero desapareció en 2014,,
columna_eliminada,administrativos,2014,articles-391592_recurso.xlsx,Auxiliar 2003-1,Columna 'Auxiliar 2003-1' existía en 2003 pero desapareció en 2014,,
columna_eliminada,administrativos,2014,articles-391592_recurso.xlsx,Profesional 2004-1,Columna 'Profesional 2004-1' existía en 2003 pero desapareció en 2014,,
columna_eliminada,administrativos,2014,articles-391592_recurso.xlsx,Auxiliar 2003-2,Columna 'Auxiliar 2003-2' existía en 2003 pero desapareció en 2014,,
columna_eliminada,administrativos,2014,articles-391592_recurso.xlsx,Profesional 2003-1,Columna 'Profesional 2003-1' existía en 2003 pero desapareció en 2014,,
columna_eliminada,administrativos,2014,articles-391592_recurso.xlsx,Total 2003-2,Columna 'Total 2003-2' existía en 2003 pero desapareció en 2014,,
columna_eliminada,administrativos,2014,articles-391592_recurso.xlsx,Auxiliar 2004-1,Columna 'Auxiliar 2004-1' existía en 2003 pero desapareció en 2014,,
columna_eliminada,administrativos,2014,articles-391592_recurso.xlsx,Total 2004-2,Columna 'Total 2004-2' existía en 2003 pero desapareció en 2014,,
columna_eliminada,administrativos,2014,articles-391592_recurso.xlsx,Carácter IES,Columna 'Carácter IES' existía en 2003 pero desapareció en 2014,,
columna_eliminada,administrativos,2014,articles-391592_recurso.xlsx,Servicios 2003-2,Columna 'Servicios 2003-2' existía en 2003 pero desapareció en 2014,,
columna_eliminada,administrativos,2014,articles-391592_recurso.xlsx,Profesional 2004-2,Columna 'Profesional 2004-2' existía en 2003 pero desapareció en 2014,,
columna_eliminada,administrativos,2014,articles-391592_recurso.xlsx,Total 2004-1,Columna 'Total 2004-1' existía en 2003 pero desapareció en 2014,,
columna_eliminada,administrativos,2014,articles-391592_recurso.xlsx,Directivo 2003-1,Columna 'Directivo 2003-1' existía en 2003 pero desapareció en 2014,,
columna_eliminada,administrativos,2014,articles-391592_recurso.xlsx,Servicios 2004-1,Columna 'Servicios 2004-1' existía en 2003 pero desapareció en 2014,,
columna_eliminada,administrativos,2014,articles-391592_recurso.xlsx,Servicios 2003-1,Columna 'Servicios 2003-1' existía en 2003 pero desapareció en 2014,,
columna_eliminada,administrativos,2014,articles-391592_recurso.xlsx,Auxiliar 2004-2,Columna 'Auxiliar 2004-2' existía en 2003 pero desapareció en 2014,,
columna_nueva,administrativos,2016,articles-391590_recurso.xlsx,ID Sector IES,Columna 'ID Sector IES' aparece en 2016 pero no en 2015,,
columna_nueva,administrativos,2016,articles-391590_recurso.xlsx,ID Caracter IES,Columna 'ID Caracter IES' aparece en 2016 pero no en 2015,,
columna_eliminada,administrativos,2016,articles-391590_recurso.xlsx,Id Sector IES,Columna 'Id Sector IES' existía en 2015 pero desapareció en 2016,,
columna_eliminada,administrativos,2016,articles-391590_recurso.xlsx,Id Caracter IES,Columna 'Id Caracter IES' existía en 2015 pero desapareció en 2016,,
posible_renombre,administrativos,2016,articles-391590_recurso.xlsx,,Posible renombre: 'Id Sector IES' → 'ID Sector IES',Id Sector IES,ID Sector IES
posible_renombre,administrativos,2016,articles-391590_recurso.xlsx,,Posible renombre: 'Id Caracter IES' → 'ID Caracter IES',Id Caracter IES,ID Caracter IES
columna_nueva,administrativos,2017,articles-391589_recurso.xlsx,Técnico,Columna 'Técnico' aparece en 2017 pero no en 2016,,
columna_eliminada,administrativos,2017,articles-391589_recurso.xlsx,Servicios,Columna 'Servicios' existía en 2016 pero desapareció en 2017,,
columna_nueva,administrativos,2018,articles-391588_recurso.xlsx,Tecnico,Columna 'Tecnico' aparece en 2018 pero no en 2017,,
columna_nueva,administrativos,2018,articles-391588_recurso.xlsx,Principal  o  Seccional,Columna 'Principal  o  Seccional' aparece en 2018 pero no en 2017,,
columna_eliminada,administrativos,2018,articles-391588_recurso.xlsx,Principal  o Seccional,Columna 'Principal  o Seccional' existía en 2017 pero desapareció en 2018,,
columna_eliminada,administrativos,2018,articles-391588_recurso.xlsx,Técnico,Columna 'Técnico' existía en 2017 pero desapareció en 2018,,
posible_renombre,administrativos,2018,articles-391588_recurso.xlsx,,Posible renombre: 'Principal  o Seccional' → 'Principal  o  Seccional',Principal  o Seccional,Principal  o  Seccional
columna_nueva,administrativos,2019,articles-401903_recurso.xlsx,Técnico,Columna 'Técnico' aparece en 2019 pero no en 2018,,
columna_eliminada,administrativos,2019,articles-401903_recurso.xlsx,Tecnico,Columna 'Tecnico' existía en 2018 pero desapareció en 2019,,
columna_nueva,administrativos,2020,articles-406664_recurso.xlsx,Código de la Institución,Columna 'Código de la Institución' aparece en 2020 pero no en 2019,,
columna_nueva,administrativos,2020,articles-406664_recurso.xlsx,Código del Municipio (IES),Columna 'Código del Municipio (IES)' aparece en 2020 pero no en 2019,,
columna_nueva,administrativos,2020,articles-406664_recurso.xlsx,Departamento de domicilio de la IES,Columna 'Departamento de domicilio de la IES' aparece en 2020 pero no en 2019,,
columna_nueva,administrativos,2020,articles-406664_recurso.xlsx,Código del departamento (IES),Columna 'Código del departamento (IES)' aparece en 2020 pero no en 2019,,
columna_nueva,administrativos,2020,articles-406664_recurso.xlsx,Principal o Seccional,Columna 'Principal o Seccional' aparece en 2020 pero no en 2019,,
columna_eliminada,administrativos,2020,articles-406664_recurso.xlsx,Código de  la Institución,Columna 'Código de  la Institución' existía en 2019 pero desapareció en 2020,,
columna_eliminada,administrativos,2020,articles-406664_recurso.xlsx,Principal  o  Seccional,Columna 'Principal  o  Seccional' existía en 2019 pero desapareció en 2020,,
columna_eliminada,administrativos,2020,articles-406664_recurso.xlsx,Código del  Municipio (IES),Columna 'Código del  Municipio (IES)' existía en 2019 pero desapareció en 2020,,
columna_eliminada,administrativos,2020,articles-406664_recurso.xlsx,Departamento de  domicilio de la IES,Columna 'Departamento de  domicilio de la IES' existía en 2019 pero desapareció en 2020,,
columna_eliminada,administrativos,2020,articles-406664_recurso.xlsx,Código del  departamento (IES),Columna 'Código del  departamento (IES)' existía en 2019 pero desapareció en 2020,,
posible_renombre,administrativos,2020,articles-406664_recurso.xlsx,,Posible renombre: 'Código de  la Institución' → 'Código de la Institución',Código de  la Institución,Código de la Institución
posible_renombre,administrativos,2020,articles-406664_recurso.xlsx,,Posible renombre: 'Departamento de  domicilio de la IES' → 'Departamento de domicilio de la IES',Departamento de  domicilio de la IES,Departamento de domicilio de la IES
posible_renombre,administrativos,2020,articles-406664_recurso.xlsx,,Posible renombre: 'Principal  o  Seccional' → 'Principal o Seccional',Principal  o  Seccional,Principal o Seccional
posible_renombre,administrativos,2020,articles-406664_recurso.xlsx,,Posible renombre: 'Código del  departamento (IES)' → 'Código del departamento (IES)',Código del  departamento (IES),Código del departamento (IES)
posible_renombre,administrativos,2020,articles-406664_recurso.xlsx,,Posible renombre: 'Código del  Municipio (IES)' → 'Código del Municipio (IES)',Código del  Municipio (IES),Código del Municipio (IES)
columna_nueva,administrativos,2021,articles-411247_recurso.xlsx,Carácter IES,Columna 'Carácter IES' aparece en 2021 pero no en 2020,,
columna_nueva,administrativos,2021,articles-411247_recurso.xlsx,ID Carácter IES,Columna 'ID Carácter IES' aparece en 2021 pero no en 2020,,
columna_eliminada,administrativos,2021,articles-411247_recurso.xlsx,Caracter IES,Columna 'Caracter IES' existía en 2020 pero desapareció en 2021,,
columna_eliminada,administrativos,2021,articles-411247_recurso.xlsx,ID Caracter IES,Columna 'ID Caracter IES' existía en 2020 pero desapareció en 2021,,
columna_nueva,administrativos,2022,articles-416250_recurso.xlsx,TÉCNICO,Columna 'TÉCNICO' aparece en 2022 pero no en 2021,,
columna_nueva,administrativos,2022,articles-416250_recurso.xlsx,SECTOR IES,Columna 'SECTOR IES' aparece en 2022 pero no en 2021,,
columna_nueva,administrativos,2022,articles-416250_recurso.xlsx,CARÁCTER IES,Columna 'CARÁCTER IES' aparece en 2022 pero no en 2021,,
columna_nueva,administrativos,2022,articles-416250_recurso.xlsx,DEPARTAMENTO DE DOMICILIO DE LA IES,Columna 'DEPARTAMENTO DE DOMICILIO DE LA IES' aparece en 2022 pero no en 2021,,
columna_nueva,administrativos,2022,articles-416250_recurso.xlsx,PRINCIPAL O SECCIONAL,Columna 'PRINCIPAL O SECCIONAL' aparece en 2022 pero no en 2021,,
columna_nueva,administrativos,2022,articles-416250_recurso.xlsx,CÓDIGO DEL MUNICIPIO (IES),Columna 'CÓDIGO DEL MUNICIPIO (IES)' aparece en 2022 pero no en 2021,,
columna_nueva,administrativos,2022,articles-416250_recurso.xlsx,SEMESTRE,Columna 'SEMESTRE' aparece en 2022 pero no en 2021,,
columna_nueva,administrativos,2022,articles-416250_recurso.xlsx,PROFESIONAL,Columna 'PROFESIONAL' aparece en 2022 pero no en 2021,,
columna_nueva,administrativos,2022,articles-416250_recurso.xlsx,TOTAL,Columna 'TOTAL' aparece en 2022 pero no en 2021,,
columna_nueva,administrativos,2022,articles-416250_recurso.xlsx,CÓDIGO DE LA INSTITUCIÓN,Columna 'CÓDIGO DE LA INSTITUCIÓN' aparece en 2022 pero no en 2021,,
columna_nueva,administrativos,2022,articles-416250_recurso.xlsx,ID SECTOR IES,Columna 'ID SECTOR IES' aparece en 2022 pero no en 2021,,
columna_nueva,administrativos,2022,articles-416250_recurso.xlsx,INSTITUCIÓN DE EDUCACIÓN SUPERIOR (IES),Columna 'INSTITUCIÓN DE EDUCACIÓN SUPERIOR (IES)' aparece en 2022 pero no en 2021,,
columna_nueva,administrativos,2022,articles-416250_recurso.xlsx,AUXILIAR,Columna 'AUXILIAR' aparece en 2022 pero no en 2021,,
columna_nueva,administrativos,2022,articles-416250_recurso.xlsx,DIRECTIVO,Columna 'DIRECTIVO' aparece en 2022 pero no en 2021,,
columna_nueva,administrativos,2022,articles-416250_recurso.xlsx,CÓDIGO DEL DEPARTAMENTO (IES),Columna 'CÓDIGO DEL DEPARTAMENTO (IES)' aparece en 2022 pero no en 2021,,
columna_nueva,administrativos,2022,articles-416250_recurso.xlsx,ID CARÁCTER IES,Columna 'ID CARÁCTER IES' aparece en 2022 pero no en 2021,,
columna_nueva,administrativos,2022,articles-416250_recurso.xlsx,AÑO,Columna 'AÑO' aparece en 2022 pero no en 2021,,
columna_nueva,administrativos,2022,articles-416250_recurso.xlsx,MUNICIPIO DE DOMICILIO DE LA IES,Columna 'MUNICIPIO DE DOMICILIO DE LA IES' aparece en 2022 pero no en 2021,,
columna_eliminada,administrativos,2022,articles-416250_recurso.xlsx,Directivo,Columna 'Directivo' existía en 2021 pero desapareció en 2022,,
columna_eliminada,administrativos,2022,articles-416250_recurso.xlsx,Técnico,Columna 'Técnico' existía en 2021 pero desapareció en 2022,,
columna_eliminada,administrativos,2022,articles-416250_recurso.xlsx,Auxiliar,Columna 'Auxiliar' existía en 2021 pero desapareció en 2022,,
columna_eliminada,administrativos,2022,articles-416250_recurso.xlsx,Semestre,Columna 'Semestre' existía en 2021 pero desapareció en 2022,,
columna_eliminada,administrativos,2022,articles-416250_recurso.xlsx,Código de la Institución,Columna 'Código de la Institución' existía en 2021 pero desapareció en 2022,,
columna_eliminada,administrativos,2022,articles-416250_recurso.xlsx,Profesional,Columna 'Profesional' existía en 2021 pero desapareció en 2022,,
columna_eliminada,administrativos,2022,articles-416250_recurso.xlsx,ID Carácter IES,Columna 'ID Carácter IES' existía en 2021 pero desapareció en 2022,,
columna_eliminada,administrativos,2022,articles-416250_recurso.xlsx,Sector IES,Columna 'Sector IES' existía en 2021 pero desapareció en 2022,,
columna_eliminada,administrativos,2022,articles-416250_recurso.xlsx,Municipio de domicilio de la IES,Columna 'Municipio de domicilio de la IES' existía en 2021 pero desapareció en 2022,,
columna_eliminada,administrativos,2022,articles-416250_recurso.xlsx,Código del Municipio (IES),Columna 'Código del Municipio (IES)' existía en 2021 pero desapareció en 2022,,
columna_eliminada,administrativos,2022,articles-416250_recurso.xlsx,Año,Columna 'Año' existía en 2021 pero desapareció en 2022,,
columna_eliminada,administrativos,2022,articles-416250_recurso.xlsx,Carácter IES,Columna 'Carácter IES' existía en 2021 pero desapareció en 2022,,
columna_eliminada,administrativos,2022,articles-416250_recurso.xlsx,Departamento de domicilio de la IES,Columna 'Departamento de domicilio de la IES' existía en 2021 pero desapareció en 2022,,
columna_eliminada,administrativos,2022,articles-416250_recurso.xlsx,Institución de Educación Superior (IES),Columna 'Institución de Educación Superior (IES)' existía en 2021 pero desapareció en 2022,,
columna_eliminada,administrativos,2022,articles-416250_recurso.xlsx,ID Sector IES,Columna 'ID Sector IES' existía en 2021 pero desapareció en 2022,,
columna_eliminada,administrativos,2022,articles-416250_recurso.xlsx,Código del departamento (IES),Columna 'Código del departamento (IES)' existía en 2021 pero desapareció en 2022,,
columna_eliminada,administrativos,2022,articles-416250_recurso.xlsx,Total,Columna 'Total' existía en 2021 pero desapareció en 2022,,
columna_eliminada,administrativos,2022,articles-416250_recurso.xlsx,Principal o Seccional,Columna 'Principal o Seccional' existía en 2021 pero desapareció en 2022,,
posible_renombre,administrativos,2022,articles-416250_recurso.xlsx,,Posible renombre: 'Código del Municipio (IES)' → 'CÓDIGO DEL MUNICIPIO (IES)',Código del Municipio (IES),CÓDIGO DEL MUNICIPIO (IES)
posible_renombre,administrativos,2022,articles-416250_recurso.xlsx,,Posible renombre: 'Municipio de domicilio de la IES' → 'MUNICIPIO DE DOMICILIO DE LA IES',Municipio de domicilio de la IES,MUNICIPIO DE DOMICILIO DE LA IES
posible_renombre,administrativos,2022,articles-416250_recurso.xlsx,,Posible renombre: 'Año' → 'AÑO',Año,AÑO
posible_renombre,administrativos,2022,articles-416250_recurso.xlsx,,Posible renombre: 'Departamento de domicilio de la IES' → 'DEPARTAMENTO DE DOMICILIO DE LA IES',Departamento de domicilio de la IES,DEPARTAMENTO DE DOMICILIO DE LA IES
posible_renombre,administrativos,2022,articles-416250_recurso.xlsx,,Posible renombre: 'Código del departamento (IES)' → 'CÓDIGO DEL DEPARTAMENTO (IES)',Código del departamento (IES),CÓDIGO DEL DEPARTAMENTO (IES)
posible_renombre,administrativos,2022,articles-416250_recurso.xlsx,,Posible renombre: 'Técnico' → 'TÉCNICO',Técnico,TÉCNICO
posible_renombre,administrativos,2022,articles-416250_recurso.xlsx,,Posible renombre: 'Auxiliar' → 'AUXILIAR',Auxiliar,AUXILIAR
posible_renombre,administrativos,2022,articles-416250_recurso.xlsx,,Posible renombre: 'ID Sector IES' → 'ID SECTOR IES',ID Sector IES,ID SECTOR IES
posible_renombre,administrativos,2022,articles-416250_recurso.xlsx,,Posible renombre: 'Total' → 'TOTAL',Total,TOTAL
posible_renombre,administrativos,2022,articles-416250_recurso.xlsx,,Posible renombre: 'Directivo' → 'DIRECTIVO',Directivo,DIRECTIVO
posible_renombre,administrativos,2022,articles-416250_recurso.xlsx,,Posible renombre: 'Semestre' → 'SEMESTRE',Semestre,SEMESTRE
posible_renombre,administrativos,2022,articles-416250_recurso.xlsx,,Posible renombre: 'Código de la Institución' → 'CÓDIGO DE LA INSTITUCIÓN',Código de la Institución,CÓDIGO DE LA INSTITUCIÓN
posible_renombre,administrativos,2022,articles-416250_recurso.xlsx,,Posible renombre: 'Carácter IES' → 'CARÁCTER IES',Carácter IES,CARÁCTER IES
posible_renombre,administrativos,2022,articles-416250_recurso.xlsx,,Posible renombre: 'Profesional' → 'PROFESIONAL',Profesional,PROFESIONAL
posible_renombre,administrativos,2022,articles-416250_recurso.xlsx,,Posible renombre: 'ID Carácter IES' → 'ID CARÁCTER IES',ID Carácter IES,ID CARÁCTER IES
posible_renombre,administrativos,2022,articles-416250_recurso.xlsx,,Posible renombre: 'Sector IES' → 'SECTOR IES',Sector IES,SECTOR IES
posible_renombre,administrativos,2022,articles-416250_recurso.xlsx,,Posible renombre: 'Institución de Educación Superior (IES)' → 'INSTITUCIÓN DE EDUCACIÓN SUPERIOR (IES)',Institución de Educación Superior (IES),INSTITUCIÓN DE EDUCACIÓN SUPERIOR (IES)
posible_renombre,administrativos,2022,articles-416250_recurso.xlsx,,Posible renombre: 'Principal o Seccional' → 'PRINCIPAL O SECCIONAL',Principal o Seccional,PRINCIPAL O SECCIONAL
columna_nueva,administrativos,2023,articles-421537_recurso.xlsx,IES ACREDITADA,Columna 'IES ACREDITADA' aparece en 2023 pero no en 2022,,
columna_nueva,administrativos,2023,articles-421537_recurso.xlsx,TIPO IES,Columna 'TIPO IES' aparece en 2023 pero no en 2022,,
columna_nueva,administrativos,2023,articles-421537_recurso.xlsx,CÓODIGO DE LA INSTITUCIÓN,Columna 'CÓODIGO DE LA INSTITUCIÓN' aparece en 2023 pero no en 2022,,
columna_eliminada,administrativos,2023,articles-421537_recurso.xlsx,CÓDIGO DE LA INSTITUCIÓN,Columna 'CÓDIGO DE LA INSTITUCIÓN' existía en 2022 pero desapareció en 2023,,
columna_eliminada,administrativos,2023,articles-421537_recurso.xlsx,PRINCIPAL O SECCIONAL,Columna 'PRINCIPAL O SECCIONAL' existía en 2022 pero desapareció en 2023,,
